no,Folder(NamePlant)
4,Acacia_arabica
16,Acalypha_tricolor
18,Acanthopanax_senticosus
19,Acanthophippium_gougahense
21,Acanthus_integrifolius
22,Acasia_tonkinensis
33,Acriopsis_javanica
36,Actephila_anthelmithica
42,Actinidia_tonkinensis
50,Adenia_parviflora
60,Adiantum_annamense
61,Adiantum_capillus-veneris
62,Adiantum_diaphanum
65,Adiantum_philippense
75,Adina_cordifolia
77,Aegicera_corniculatum
86,Aeschynanthus_housseusi
100,Agave_amaniensis
102,Agave_cantula
103,Agave_chinensis
104,Agave_rigida
113,Aglaia_odoratissma
115,Aglaia_roxburghiana
120,Aglaonema_cochinchinensis
124,Agrimonia_viscidula
125,Agrostistachys_longifolia
145,Albizia_falcataria
151,Alchornea_tiliaefolia
152,Alcimandra_cathcartii
155,Allamanda_neriifolia
157,Allium_chinensis
161,Allomorphia_arborescens
177,Alocasia_evrardii
187,Alphonsea_tsangynanensis
188,Alpinia_bracteata
212,Althaea_rosea
229,Amitostigma_keikoides
236,Amomum_harmandii
242,Amomum_repens
247,Amomum_xanthioides
251,Amorphophallus_interruptus
254,Amorphophallus_paeoniifolius
255,Amorphophallus_pilosus
256,Amorphophallus_rhizomatosus
257,Amorphophallus_scaber
259,Amorphophallus_tonkinensis
260,Amorphophallus_verticillatus
266,Ampelopsis_brevipedunculata
267,Ampelopsis_heterophylla
269,Amydrium_hainenense
270,Anacardium_occidentale
274,Anaphalis_adnata
275,Anaphalis_lactea
276,Anaphalis_nepalensis
277,Ancistrocladus_cochinchinensis
278,Ancistrocladus_tectorius
279,Andrographis_paniculata
280,Andropogon_chinensis
281,Andropogon_quinhonensis
282,Androsace_umbellata
283,Anemone_begoniifolia
284,Anemone_rivularis
285,Angelica_anomala
286,Angelica_decursiva
287,Angelica_sinensis
288,Angelonia_goyazensis
289,Angiopteris_caudatifomis
290,Angiopteris_confertinervia
291,Angiopteris_palmiformis
292,Angiopteris_repandula
293,Angiopteris_yunnanensis
294,Aniseia_harmandii
295,Aniselytron_treutleri
296,Anisomeles_indica
297,Anisophyllea_penninervata
298,Anisoptera_scaphula
299,Anneslea_dongnaiensis
300,Anneslea_paradoxa
301,Annona_muricata
302,Annona_squamosa
303,Anodendron_howii
304,Anoectochilus_calcareus
305,Anoectochilus_daoensis
306,Anoectochilus_lanceolatus
307,Anoectochilus_papillosus
308,Anoectochilus_setaceus
309,Anoectochilus_sikkimensis
310,Anogeisus_acuminata
311,Anomianthus_dulcis
312,Antheroporum_harmandii
313,Anthogonium_gracile
314,Anthurium_dentatum
315,Anthurium_scherzerianum
316,Antidesma_acidum
317,Antidesma_annamense
318,Antidesma_balansae
319,Antidesma_cochinchinense
320,Antidesma_eberhardtii
321,Antidesma_fruticosum
322,Antidesma_japonicum
323,Antidesma_montanum
324,Antidesma_poilanei
325,Antidesma_tonkinense
326,Antidesma_velutinum
327,Antigonon_leptopus
328,Antirrhinum_orontium
329,Antrophyum_callifolium
330,Antrophyum_obovatum
331,Aphananthe_aspera
332,Aphananthe_lissophylla
333,Aphyllorchis_annamensis
334,Aphyllorchis_montana
335,Apium_graveolens
336,Apocopis_cochinchinensis
337,Apocopis_courtallumensis
338,Apodytes_cambodiana
339,Aponogeton_lakhoensis
340,Aponogeton_robinsonii
341,Aporosa_ficifolia
342,Aporosa_oblonga
343,Aporosa_serrata
344,Aporosa_tetragona
345,Aporosa_villosa
346,Aporosa_yunnanensis
347,Apostasia_odorata
348,Appendicula_cornuta
349,Appendicula_hexadra
350,Apphyllorchis_pallida
351,Aquilaria_banaensae
352,Aquilaria_malaccensis
353,Aquilegia_vulgaris
354,Arachnis_annamensis
355,Arachnis_hookeriana
356,Arachnis_maingayi
357,Aralia_armata
358,Aralia_chinensis
359,Aralia_dasyphylla
360,Aralia_foliolosa
361,Aralia_searelliana
362,Aralia_thomsonii
363,Aralia_vietnamensis
364,Araucaria_columnaris
365,Arcangelisia_flava
366,Archiboehmeria_atrata
367,Archidendron_bauchei
368,Archidendron_clypearia
369,Archidendron_kerrii
370,Archidendron_occultatum
371,Archidendron_poilanei
372,Archidendron_robinsonii
373,Archidendron_tonkinensis
374,Archidendron_utile
375,Ardisia_aciphylla
376,Ardisia_arborescens
377,Ardisia_brevicaulis
378,Ardisia_cambodiana
379,Ardisia_caudata
380,Ardisia_colorata
381,Ardisia_corymbifera
382,Ardisia_crassipes
383,Ardisia_crispa
384,Ardisia_elegans
385,Ardisia_gigantifolia
386,Ardisia_hanceana
387,Ardisia_helferiana
388,Ardisia_incrassata
389,Ardisia_ixoraefolia
390,Ardisia_lindleyana
391,Ardisia_maculosa
392,Ardisia_melastomoides
393,Ardisia_microcarpa
394,Ardisia_myrsinoides
395,Ardisia_nigropilosa
396,Ardisia_poilanae
397,Ardisia_pseudo-crispa
398,Ardisia_punctata
399,Ardisia_recliniflora
400,Ardisia_rigida
401,Ardisia_solanacea
402,Ardisia_tsangii
403,Ardisia_verbascifolia
404,Ardisia_villosa
405,Ardisia_virens
406,Areca_catechu
407,Areca_triandra
408,Arenga_pinnata
409,Argostemma_verticillatum
410,Argyreia_acuta
411,Argyreia_nervosa
412,Argyreia_obtusifolia
413,Argyreia_pierreana
414,Arisaema_averyanovii
415,Arisaema_chauvanminhii
416,Arisaema_condaoensis
417,Arisaema_erubescens
418,Arisaema_garrettii
419,Arisaema_parisfolia
420,Arisaema_petiolulatum
421,Arisaema_pingbianense
422,Arisaema_rhizomatum
423,Arisaema_rostratum
424,Arisaema_victoriae
425,Aristida_balansae
426,Aristida_chinensis
427,Aristolochia_annamensis
428,Aristolochia_bidoupensis
429,Aristolochia_contorta
430,Aristolochia_elegans
431,Aristolochia_heterophylla
432,Aristolochia_kaempferi
433,Aristolochia_longgangensis
434,Aristolochia_nuichuaensis
435,Aristolochia_pothieri
436,Aristolochia_saccata
437,Aristolochia_tagala
438,Aristolochia_tuberosa
439,Artabotrys_aeneus
440,Artabotrys_harmandii
441,Artabotrys_hienianus
442,Artabotrys_intermedius
443,Artabotrys_petelotii
444,Artabotrys_spinosus
445,Artabotrys_tetramerus
446,Artabotrys_vinhensis
447,Artemisia_absinthium
448,Artemisia_apiacea
449,Artemisia_capillaris
450,Artemisia_dracunculus
451,Artemisia_indica
452,Artemisia_lactiflora
453,Artemisia_palustris
454,Artemisia_scoparia
455,Arthraxon_castratus
456,Arthraxon_lanceolatus
457,Arthrocnemum_indicum
458,Arthromeris_lehmannii
459,Arthromeris_wallichiana
460,Arthrophyllum_javanicum
461,Artocarpus_altilis
462,Artocarpus_heterophyllus
463,Artocarpus_lakoocha
464,Artocarpus_nitidus
465,Artocarpus_petelotii
466,Artocarpus_styracifolius
467,Arundina_caespitosa
468,Arundina_graminifolia
469,Arundinella_birmanica
470,Arundinella_flavida
471,Arundinella_nepalensis
472,Arundinella_setosa
473,Arytera_littoralis
474,Asarum_blumei
475,Asarum_cordifolium
476,Asarum_maximum
477,Asarum_reticulatum
478,Asarum_yunnanense
479,Ascocentrum_ampullaceum
480,Ascocentrum_curvifolium
481,Ascocentrum_rubrum
482,Asparagus_filìinus
483,Asparagus_officinalis
484,Asparagus_setaceus
485,Aspidistra_cadamensis
486,Aspidistra_coccigera
487,Aspidistra_cylindrica
488,Aspidistra_globosa
489,Aspidistra_obtusata
490,Aspidistra_subrotata
491,Aspidistra_tonkinensis
492,Aspidistra_truongii
493,Aspidistra_verruculosa
494,Aspidistra_xuansonensis
495,Aspidopterys_tomentosa
496,Asplenium_antrophyoides
497,Asplenium_cheilosorum
498,Asplenium_colaniae
499,Asplenium_crinicaule
500,Asplenium_ensiforme
501,Asplenium_exiguum
502,Asplenium_fraxinifolium
503,Asplenium_griffithianum
504,Asplenium_humbertii
505,Asplenium_laciniatum
506,Asplenium_longissimum
507,Asplenium_neolaserpitiifolium
508,Asplenium_nitidum
509,Asplenium_oldhami
510,Asplenium_praemorsum
511,Asplenium_protratum
512,Asplenium_pulcherrimum
513,Asplenium_saxicola
514,Asplenium_sublaserpitiifolium
515,Asplenium_tenuifolium
516,Asplenium_unilaterale
517,Asplenium_wrightii
518,Aster_ageratoides
519,Aster_amellus
520,Aster_trinervius
521,Astilbe_rivularis
522,Astragalus_sinicus
523,Asystasia_chelonoides
524,Asystasiella_chinensis
525,Atalantia_ceylanica
526,Atalantia_monophylla
527,Atalantia_sessiliflora
528,Atratylodes_lancea
529,Atrichodendron_tonkinense
530,Attalea_macrocarpa
531,Averrhoa_bilimbi
532,Avicennia_alba
533,Avicennia_officinalis
534,Axonopus_compressus
535,Azadirachta_indica
536,Azolla_pinnata
537,Baccaurea_sylvestris
538,Bacopa_monnieri
539,Balanites_Roxburghii
540,Balanophora_cucphuongensis
541,Balanophora_fungosa
542,Balanophora_indica
543,Baliospermum_montanum
544,Bambusa_aurinuda
545,Bambusa_bambos
546,Bambusa_blumeana
547,Bambusa_dissimulator
548,Bambusa_flexuosa
549,Bambusa_glaucescens
550,Bambusa_lineata
551,Bambusa_multiplex
552,Bambusa_pallida
553,Bambusa_procera
554,Bambusa_textilis
555,Bambusa_tulda
556,Bambusa_vinhphuensis
557,Barclaya_longifolia
558,Barleria_cristata
559,Barleria_prionotis
560,Barringtonia_acutangula
561,Barringtonia_conoidea
562,Barringtonia_macrostachya
563,Barringtonia_musiformis
564,Barringtonia_racemosa
565,Barthea_barthei
566,Bauhinia_acuminata
567,Bauhinia_bracteata
568,Bauhinia_cardinalis
569,Bauhinia_clemensiorum
570,Bauhinia_corymbora
571,Bauhinia_glauca
572,Bauhinia_involucrans
573,Bauhinia_lakhonensis
574,Bauhinia_malabarica
575,Bauhinia_ornata
576,Bauhinia_penicilliloba
577,Bauhinia_pyrrhoclada
578,Bauhinia_rubro-
579,Bauhinia_saigonensis
580,Bauhinia_tomentosa
581,Bauhinia_variegata
582,Bauhinia_wallichii
583,Beaumontia_murtonii
584,Beccarinda_tonkinensis
585,Begonia_alta
586,Begonia_aptera
587,Begonia_bataiensis
588,Begonia_boisiana
589,Begonia_brevipedunculata
590,Begonia_caobangensis
591,Begonia_cavalerei
592,Begonia_circularis
593,Begonia_dianna
594,Begonia_eberhardtii
595,Begonia_grandes
596,Begonia_guttata
597,Begonia_handelii
598,Begonia_heracleifolia
599,Begonia_integrifolia
600,Begonia_langsonensis
601,Begonia_leprosa
602,Begonia_martabanica
603,Begonia_nahangensis
604,Begonia_pedatifida
605,Begonia_porteri
606,Begonia_rupicola
607,Begonia_siamensis
608,Begonia_sphenantheroides
609,Begonia_tetragona
610,Begonia_villifolia
611,Beilschmiedia_balansae
612,Beilschmiedia_chevalieri
613,Beilschmiedia_ferruginea
614,Beilschmiedia_intermedia
615,Beilschmiedia_laotica
616,Beilschmiedia_macrocarpa
617,Beilschmiedia_obovalifoliosa
618,Beilschmiedia_pergamentacea
619,Beilschmiedia_robertsonii
620,Beilschmiedia_roxburghiana
621,Beilschmiedia_sphaerocarpa
622,Beilschmiedia_tsangii
623,Beilschmiedia_vidalii
624,Beilschmiedia_yunnanensis
625,Belvisia_abbreviata
626,Belvisia_henryi
627,Benincasa_hispida
628,Berberis_julianae
629,Berchemia_floribunda
630,Bergia_ammannioides
631,Berrya_cordifolia
632,Beta_vulgaris
633,Bidens_bipinata
634,Bidens_leucorhiza
635,Bidens_tripartita
636,Biermannia_sigaldii
637,Billolivia_kyi
638,Billolivia_minutiflora
639,Billolivia_violacea
640,Biophytum_fruticosum
641,Biophytum_sensitivum
642,Bischofia_javanica
643,Blachia_andamanica
644,Blachia_jatrophifolia
645,Blachia_poilanei
646,Blainvillea_acmella
647,Blechnum_elongatum
648,Blechnum_orientale
649,Bletilla_striata
650,Blumea_adenophora
651,Blumea_balsamifera
652,Blumea_bullata
653,Blumea_chinensis
654,Blumea_densiflora
655,Blumea_fistolusa
656,Blumea_hamiltonii
657,Blumea_hieracifolia
658,Blumea_laevis
659,Blumea_martiniana
660,Blumea_membranacea
661,Blumea_napifolia
662,Blumea_repanda
663,Blumea_sessiflora
664,Blumea_tenuifolia
665,Blumea_veronicifolia
666,Blumeopsis_falcata
667,Blyxa_aubertii
668,Blyxa_japonica
669,Blyxa_octandra
670,Boea_clarkeana
671,Boea_philippensis
672,Boehmeria_holosericea
673,Boehmeria_macrophylla
674,Boehmeria_nivea
675,Boehmeria_tomentosa
676,Boeica_confertiflora
677,Boeica_porosa
678,Boesenbergia_xiphostachya
679,Bolbitis_cadieri
680,Bolbitis_heteroclita
681,Bolbitis_subcordata
682,Bombax_anceps
683,Bombax_insigne
684,Bonia_tonkiensis
685,Borassus_flabellifer
686,Bothriochloa_glabra
687,Bothriochloa_pertusa
688,Botrychium_daucifolium
689,Bouea_poilanei
690,Bougainvillea_glabra
691,Bousigonia_angustifolia
692,Bowringia_callicarpa
693,Brachiaria_distachya
694,Brachiaria_mutica
695,Brachiaria_subquadripara
696,Brachycorythis_galeandra
697,Brachypeza_laotica
698,Brainea_insignis
699,Brassaiopsis_angustifolia
700,Brassaiopsis_ficifolia
701,Brassaiopsis_glomerulata
702,Brassaiopsis_hainla
703,Brassaiopsis_mitis
704,Brassaiopsis_variabilis
705,Brassica_campestris_var._oleifera
706,Brassica_integrifolia
707,Brassica_oleracea
708,Brassica_rapa
709,Bretschneidera_sinensis
710,Breynia_baudouini
711,Breynia_disticha
712,Breynia_fleuryi
713,Breynia_glauca
714,Breynia_indochinensis
715,Breynia_rostrata
716,Breynia_subangustifolia
717,Breynia_tonkinensis
718,Bridelia_balansae
719,Bridelia_chinensis
720,Bridelia_ovata
721,Bridelia_retusa
722,Briggsia_dongxingensis
723,Bromheadia_finlaysoniana
724,Brosimum_galactodendron
725,Broussonetia_papyrifera
726,Brownea_ariza
727,Brownlowia_emarginata
728,Brucea_javanica
729,Brucea_tonkinensis
730,Bruguiera_cylindrica
731,Bruguiera_hainessii
732,Bruguiera_sexangula
733,Brunfelsia_pauciflora
734,Buchanania_glabra
735,Buchanania_lucida
736,Buchanania_siamensis
737,Buddleja_asiatica
738,Buddleja_macrostachya
739,Buddleja_paniculata
740,Bulbophyllum_ambrosia
741,Bulbophyllum_arcuatilabium
742,Bulbophyllum_atrosanguineum
743,Bulbophyllum_bariense
744,Bulbophyllum_bidoupense
745,Bulbophyllum_blepharistes
746,Bulbophyllum_bryoides
747,Bulbophyllum_careyanum
748,Bulbophyllum_catenarium
749,Bulbophyllum_clipeibulbum
750,Bulbophyllum_concinnum
751,Bulbophyllum_coweniorum
752,Bulbophyllum_crassiusculifolium
753,Bulbophyllum_dayanum
754,Bulbophyllum_ebulbum
755,Bulbophyllum_evrardii
756,Bulbophyllum_furcatum
757,Bulbophyllum_hiepii
758,Bulbophyllum_hymenathum
759,Bulbophyllum_kanburiense
760,Bulbophyllum_laxiflorum
761,Bulbophyllum_lemniscatoides
762,Bulbophyllum_longibrachiatum
763,Bulbophyllum_luanii
764,Bulbophyllum_macranthum
765,Bulbophyllum_metallica
766,Bulbophyllum_moniliforme
767,Bulbophyllum_ngoclinhensis
768,Bulbophyllum_nigripetalum
769,Bulbophyllum_orectopetalum
770,Bulbophyllum_ornatissimum
771,Bulbophyllum_paraemarginatum
772,Bulbophyllum_pecten-veneris
773,Bulbophyllum_penicillium
774,Bulbophyllum_pinicolum
775,Bulbophyllum_polliculosum
776,Bulbophyllum_psittacoglossum
777,Bulbophyllum_refractum
778,Bulbophyllum_rufinum
779,Bulbophyllum_sanitii
780,Bulbophyllum_secundum
781,Bulbophyllum_sigaldiae
782,Bulbophyllum_sinhoënse
783,Bulbophyllum_spadiciflorum
784,Bulbophyllum_striatulum
785,Bulbophyllum_subebulbum
786,Bulbophyllum_thydoii
787,Bulbophyllum_tixieri
788,Bulbophyllum_tripudians
789,Bulbophyllum_vietnamense
790,Bulbophyllum_wallichii
791,Bulbostylis_barbata
792,Bulbostylis_pubrula
793,Bumelia_harmandii
794,Burmannia_coelestis
795,Burmannia_disticha
796,Burmannia_nepalensis
797,Burmannia_pusilla
798,Burmannia_unguiculata
799,Burretiodendron_brillettii
800,Butea_monosperma
801,Buxus_cochinchinensis
802,Buxus_latistyla
803,Buxus_microphylla
804,Byttneria_aspera
805,Byttneria_erosa
806,Byttneria_tortilis
807,Caesalpinia_andamanica
808,Caesalpinia_crista
809,Caesalpinia_decapetala
810,Caesalpinia_enneaphylla
811,Caesalpinia_hymenocarpa
812,Caesalpinia_major
813,Caesalpinia_minax
814,Caesalpinia_pubescens
815,Caesalpinia_rhombifolia
816,Caesalpinia_sinensis
817,Cajanus_elongatus
818,Cajanus_lineata
819,Cajanus_scarabaeoides
820,Caladium_bicolor
821,Calamus_ceratophorus
822,Calamus_dongnaiensis
823,Calamus_flagellum
824,Calamus_modestus
825,Calamus_palustris
826,Calamus_platyacanthus
827,Calamus_radulosus
828,Calamus_rudentum
829,Calamus_tenuis
830,Calamus_thysanolepis
831,Calamus_walkeri
832,Calanthe_alismaefolia
833,Calanthe_angustifolia
834,Calanthe_cardioglossa
835,Calanthe_clavata
836,Calanthe_duyana
837,Calanthe_mannii
838,Calanthe_puberula
839,Calanthe_succedanea
840,Calanthe_triplicata
841,Calanthe_vestita
842,Calathea_allovia
843,Calbistemon_citrinus
844,Caldesia_oligococa
845,Calendula_officinalis
846,Callerya_cinerea
847,Callerya_dasyphylla
848,Callerya_fordii
849,Callerya_speciosa
850,Callicarpa_arborea
851,Callicarpa_bodinieri
852,Callicarpa_brevipes
853,Callicarpa_dichotoma
854,Callicarpa_formosana
855,Callicarpa_kochiana
856,Callicarpa_longissima
857,Callicarpa_macrophylla
858,Callicarpa_petelotii
859,Callicarpa_rubella
860,Callicarpa_sinuata
861,Callistephus_chinensis
862,Calocedrus_macrolepis
863,Calophyllum_calaba
864,Calophyllum_inophyllum
865,Calophyllum_polyanthum
866,Calopogonium_caeruleum
867,Calotis_anamitica
868,Calotropis_procera
869,Calymmodon_asiaticus
870,Calymmodon_gracilis
871,Camchaya_loloana
872,Camellia_aurea
873,Camellia_capitata
874,Camellia_caudata
875,Camellia_corallina
876,Camellia_cucphuongensis
877,Camellia_dormoyana
878,Camellia_elongata
879,Camellia_flava
880,Camellia_forrestii
881,Camellia_gaudichaudii
882,Camellia_gracilipes
883,Camellia_huulungensis
884,Camellia_indochinensis
885,Camellia_japonica
886,Camellia_kissii
887,Camellia_langbianensis
888,Camellia_ligustrina
889,Camellia_longicaudata
890,Camellia_murauchii
891,Camellia_nervosa
892,Camellia_oleifera
893,Camellia_piquetiana
894,Camellia_pubicosta
895,Camellia_rosmannii
896,Camellia_sinensis
897,Camellia_tsaii
898,Camellia_vietnamensis
899,Campsis_grandiflora
900,Campylotropis_bonii
901,Campylotropis_parviflora
902,Campylotropis_splendens
903,Cananga_odorata
904,Canarium_bengalense
905,Canarium_lyi
906,Canarium_subulatum
907,Canavalia_ensiformis
908,Canavalia_lineata
909,Canna_edulis
910,Canna_glauca
911,Canna_sylvestris
912,Canscora_andrograpioides
913,Canscora_macrocalyx
914,Cansjera_rheedii
915,Capillipedium_annamense
916,Capillipedium_laoticum
917,Capparis_annamensis
918,Capparis_beneolens
919,Capparis_erycibe
920,Capparis_floribunda
921,Capparis_grandis
922,Capparis_khuamak
923,Capparis_longestipitata
924,Capparis_micracantha
925,Capparis_pubiflora
926,Capparis_radula
927,Capparis_sepiaria
928,Capparis_sikkimensis
929,Capparis_tonkinensis
930,Capparis_versicolor
931,Capparis_zeylanica
932,Cardamine_hirsuta
933,Cardiospermum_halicacabum
934,Carex_alliiformis
935,Carex_alta
936,Carex_aphanolepis
937,Carex_atrivaginata
938,Carex_balansae
939,Carex_blinii
940,Carex_brunnea
941,Carex_cochinchinensis
942,Carex_composita
943,Carex_cryptostachys
944,Carex_daibuensis
945,Carex_drymophila
946,Carex_fedia
947,Carex_gibba
948,Carex_hanamninhensis
949,Carex_hebecarpa
950,Carex_horsfieldii
951,Carex_indica
952,Carex_insignis
953,Carex_khoii
954,Carex_kucyniakii
955,Carex_longipes
956,Carex_mitrata
957,Carex_nelmesii
958,Carex_nubigena
959,Carex_oligostachya
960,Carex_petelotii
961,Carex_phacota
962,Carex_pruinosa
963,Carex_satsumensis
964,Carex_stramentitia
965,Carex_thomsonii
966,Carex_trichophylla
967,Carex_vietnamica
968,Careya_arborea
969,Caria_papaya
970,Carissa_cochinchinensis
971,Carmona_microphylla
972,Carpesium_cernuum
973,Carpesium_nepalensis
974,Carpinus_pubescens
975,Carthamus_tinctorius
976,Carya_sinensis
977,Caryodaphnopsis_baviensis
978,Caryodaphnopsis_metallica
979,Caryodaphnopsis_tonkinensis
980,Caryota_mitis
981,Caryota_rumphiana
982,Caryota_urens
983,Casearia_flavovirens
984,Casearia_glomelata
985,Casearia_grewiaefolia
986,Casearia_tardieuae
987,Casearia_virescens
988,Cassia_agnes
989,Cassia_angustifolia
990,Cassia_grandis
991,Cassine_glauca
992,Cassytha_filiformis
993,Castanopsis_annamensis
994,Castanopsis_arietina
995,Castanopsis_boisii
996,Castanopsis_ceratacantha
997,Castanopsis_chevalieri
998,Castanopsis_choboensis
999,Castanopsis_crassifolia
1000,Castanopsis_echidnocarpa
1001,Castanopsis_fargesii
1002,Castanopsis_guinieri
1003,Castanopsis_indica
1004,Castanopsis_lamontii
1005,Castanopsis_longipetiolata
1006,Castanopsis_nhatrangensis
1007,Castanopsis_ouonbiensis
1008,Castanopsis_phuthoensis
1009,Castanopsis_piriformis
1010,Castanopsis_rufotomentosa
1011,Castanopsis_symmetricupulata
1012,Castanopsis_tonkinensis
1013,Castanopsis_tribuloides
1014,Casuarian_cunninghamiana
1015,Casuarina_junghuniana
1016,Catasetum_tenebrosum
1017,Caulokaempferia_petelotii
1018,Cayratia_cannabina
1019,Cayratia_cheniana
1020,Cayratia_corniculata
1021,Cayratia_hayatae
1022,Cayratia_mollissima
1023,Cayratia_palmata
1024,Cayratia_roxburghii
1025,Cayratia_wrayi
1026,Ceiba_pentandra
1027,Celastrus_gemnatus
1028,Celastrus_hookeri
1029,Celastrus_orbiculatus
1030,Celastrus_stylosus
1031,Celtis_japonica
1032,Celtis_sinensis
1033,Celtis_timorensis
1034,Cenchrus_ciliaris
1035,Cenchrus_setigerus
1036,Centaurea_cyanus
1037,Centella_asiatica
1038,Centosteca_uniflora
1039,Centranthera_tranquebarica
1040,Centrolepis_banksii
1041,Centrosema_pubescens
1042,Cephalanthera_exigua
1043,Cephalantheropsis_longipes
1044,Cephalanthus_angustifolius
1045,Cephalomanes_javanicum
1046,Cephalostachyum_langbianense
1047,Cephalotaxus_mannii
1048,Ceratopteris_thalictroides
1049,Ceratostylis_radiata
1050,Ceratostylis_subulata
1051,Cerbera_manghas
1052,Ceropegia_driophila
1053,Cestrum_nocturnum
1054,Chamabainia_cuspidata
1055,Chamaecrista_leschenaultiana
1056,Chamaecrista_pumila
1057,Chamaedorea_seifrizii
1058,Champereia_manillana
1059,Cheilanthes_farinosa
1060,Cheilanthes_velutina
1061,Cheiropleuria_bicuspis
1062,Cheirostylis_chinensis
1063,Cheirostylis_filipetala
1064,Cheirostylis_latipetala
1065,Cheirostylis_spathulata
1066,Cheirostylis_thanmoiensis
1067,Chenopodium_acuminatum
1068,Chenopodium_botrys
1069,Chenopodium_hybridum
1070,Chiloschista_exuperei
1071,Chiloschista_parishii
1072,Chimonobambusa_fansipanensis
1073,Chimonobambusa_quadrangularis
1074,Chionographis_chinensis
1075,Chirita_aratriformis
1076,Chirita_colaniae
1077,Chirita_cycnostyla
1078,Chirita_eberhardtii
1079,Chirita_halongensis
1080,Chirita_hiepii
1081,Chirita_lavandulacea
1082,Chirita_minutihamata
1083,Chirita_poilanei
1084,Chirita_semicontorta
1085,Chirita_swinglei
1086,Chisocheton_cumingianus
1087,Chloranthus_spicatus
1088,Chlorophytum_bichetii
1089,Chlorophytum_laxum
1090,Choerospondias_axillaris
1091,Christella_parasitica
1092,Christia_constricta
1093,Christia_lychnucha
1094,Christia_pierrei
1095,Christisonia_hookeri
1096,Chroesthes_lanceolata
1097,Chrysanthemum_coronarium
1098,Chrysanthemum_maximum
1099,Chrysanthemum_vestitum
1100,Chrysoglossum_ornatum
1101,Chrysophyllum_lanceolatum
1102,Chrysopogon_crevostii
1103,Chrysopogon_orientalis
1104,Chukrasia_tabularis
1105,Chuniophoenix_nana
1106,Cichorium_instybus
1107,Cinnamomum_bejolghota
1108,Cinnamomum_burmanii
1109,Cinnamomum_camphora
1110,Cinnamomum_cassia
1111,Cinnamomum_curvifolium
1112,Cinnamomum_gaudichaudii
1113,Cinnamomum_impressineurium
1114,Cinnamomum_iners
1115,Cinnamomum_kunstleri
1116,Cinnamomum_longepetiolatum
1117,Cinnamomum_loureirii
1118,Cinnamomum_ovatum
1119,Cinnamomum_polyadelphum
1120,Cinnamomum_scortechinii
1121,Cinnamomum_subavenicum
1122,Cinnamomum_subsericeum
1123,Cinnamomum_tenuipilis
1124,Cinnamomum_tonkinense
1125,Cinnamomum_verum
1126,Cipadessa_baccifera
1127,Circaea_mollis
1128,Cirrhopetalum_andersonii
1129,Cirrhopetalum_frostii
1130,Cirrhopetalum_guttulatum
1131,Cirrhopetalum_macraei
1132,Cirrhopetalum_mastersianum
1133,Cirrhopetalum_miniatum
1134,Cirrhopetalum_papillosum
1135,Cirrhopetalum_pumilio
1136,Cirrhopetalum_taeniophyllum
1137,Cirsium_japonicum
1138,Cirsium_lineare
1139,Cissampelos_pareira
1140,Cissus_annamica
1141,Cissus_bachmaensis
1142,Cissus_hastata
1143,Cissus_javana
1144,Cissus_repens
1145,Cissus_subtetragona
1146,Citharexylum_spinosum
1147,Cladium_mariscus
1148,Cladogynos_orientalis
1149,Cladopus_pierrei
1150,Claoxylon_indicum
1151,Clegohornia_malaccensis
1152,Cleidiocarpon_laurinum
1153,Cleidion_brevipetiolatum
1154,Cleidion_taynguyenensis
1155,Cleisomeria_lanatum
1156,Cleisostoma_arietinum
1157,Cleisostoma_aspersum
1158,Cleisostoma_chantaburiense
1159,Cleisostoma_crochetii
1160,Cleisostoma_equestre
1161,Cleisostoma_fuerstenbergianum
1162,Cleisostoma_lecongkietii
1163,Cleisostoma_linearilobatum
1164,Cleisostoma_phitamii
1165,Cleisostoma_recurvum
1166,Cleisostoma_scortechinii
1167,Cleisostoma_striatum
1168,Cleisostoma_tricornutum
1169,Cleisostomopsis_eberhardtii
1170,Cleistanthus_concinnus
1171,Cleistanthus_hirsutulus
1172,Cleistanthus_javanica
1173,Cleistanthus_petelotii
1174,Cleistanthus_tomentosus
1175,Cleistocalyx_nervosum
1176,Cleome_chelidonii
1177,Cleome_speciosa
1178,Cleome_viscosa
1179,Clerodendrum_calamitosum
1180,Clerodendrum_chinense
1181,Clerodendrum_cochinchinense
1182,Clerodendrum_cyrtophyllum
1183,Clerodendrum_garrettianum
1184,Clerodendrum_godefroyi
1185,Clerodendrum_indicum
1186,Clerodendrum_intermedium
1187,Clerodendrum_lanessanii
1188,Clerodendrum_lindleyi
1189,Clerodendrum_longisepalum
1190,Clerodendrum_mandarinorum
1191,Clerodendrum_palmatolobatum
1192,Clerodendrum_petasites
1193,Clerodendrum_serratum
1194,Clerodendrum_thomsonae
1195,Clerodendrum_villosum
1196,Clethra_chapaensis
1197,Clethra_petelotii
1198,Clianthus_scandens
1199,Clinopodium_chinense
1200,Clitoria_hanceana
1201,Clitoria_macrophylla
1202,Clitoria_ternatea
1203,Cnesmosa_javanica
1204,Cnestis_palala
1205,Coccinia_grandis
1206,Cocculus_diversifolia
1207,Cocos_nucifera
1208,Codariocalyx_motorius
1209,Codonacanthus_pauciflorus
1210,Codonopsis_javanica
1211,Coelachne_perpusilla
1212,Coelogyne_assamica
1213,Coelogyne_cristata
1214,Coelogyne_eberhardtii
1215,Coelogyne_filipeda
1216,Coelogyne_flaccida
1217,Coelogyne_huettneriana
1218,Coelogyne_lawrenceana
1219,Coelogyne_lockii
1220,Coelogyne_malipoensis
1221,Coelogyne_mooreana
1222,Coelogyne_ovalis
1223,Coelogyne_prolifera
1224,Coelogyne_rigida
1225,Coelogyne_speciosa
1226,Coelogyne_tenasserimensis
1227,Coelogyne_virescens
1228,Coelorachis_cancellata
1229,Coffea_arabica
1230,Coffea_dewevrei
1231,Coix_aquatica
1232,Coix_gigantea
1233,Cola_acuminata
1234,Coldenia_procumbens
1235,Collabium_chloranthum
1236,Colobogyne_langbianensis
1237,Colocasia_gigantea
1238,Colocasia_menglaensis
1239,Colona_floribunda
1240,Colona_nubla
1241,Colona_scabra
1242,Colquhounia_coccinea
1243,Colubrina_asiatica
1244,Colysis_chilangensis
1245,Colysis_dissimilialata
1246,Colysis_evrardii
1247,Colysis_hokouensis
1248,Colysis_minor
1249,Colysis_poilanei
1250,Colysis_pteropus
1251,Colysis_wrightii
1252,Combretum_acuminatum
1253,Combretum_punctatum
1254,Combretum_sundaicum
1255,Combretum_tetralophum
1256,Commelina_appendiculata
1257,Commelina_communis
1258,Commelina_forskaolii
1259,Commelina_longifolia
1260,Commersonia_bartramia
1261,Conandron_rhynchotechioides
1262,Congea_muniri
1263,Congea_pedicellata
1264,Congea_vestita
1265,Coniogramme_intermedia
1266,Coniogramme_petelotii
1267,Connarus_culionensis
1268,Connarus_semidecandrus
1269,Conyza_albida
1270,Conyza_canadensis
1271,Conyza_leucantha
1272,Conyza_stricta
1273,Coptis_chinensis
1274,Coptosapelta_flavescens
1275,Corchorus_capsularis
1276,Corchorus_siamensis
1277,Cordia_cochinchinensis
1278,Cordia_grandis
1279,Cordia_subcordata
1280,Cordyline_fruticosa
1281,Coreopsis_grandiflora
1282,Coreopsis_tinctoria
1283,Cornus_controversa
1284,Cornus_hongkongensis
1285,Cornus_officinalis
1286,Corybas_annamensis
1287,Corydalis_temulifolia
1288,Corypha_lecomtei
1289,Coscinium_fenestratum
1290,Cosmos_caudatus
1291,Cosmos_sulphureus
1292,Costus_tonkinensis
1293,Cotula_anthemoides
1294,Craibiodendron_henryi
1295,Craibiodendron_stellatum
1296,Craigia_yunnanensis
1297,Crassocephalum_crepidioides
1298,Crateva_reliogiosa
1299,Crateva_unilocularis
1300,Cratoxylum_formosum
1301,Cratoxylum_sumatranum
1302,Crawfurdia_speciosa
1303,Cremastra_appendiculata
1304,Crepidium_octodentatum
1305,Crepidium_purpureum
1306,Crepidomanes_bilabiatum
1307,Crepidomanes_birmanicum
1308,Crepidomanes_kurzii
1309,Crepidomanes_latemarginale
1310,Crepidomanes_minutum
1311,Crepis_chloroclada
1312,Crepis_lignea
1313,Crescentia_alata
1314,Crinum_amabile
1315,Crinum_jagus
1316,Crispa_garcinifolia
1317,Crosandra_infundibuliformis
1318,Crotalaria_acicularis
1319,Crotalaria_albida
1320,Crotalaria_annamensis
1321,Crotalaria_bracteata
1322,Crotalaria_chinensis
1323,Crotalaria_cytisoides
1324,Crotalaria_ferruginea
1325,Crotalaria_incana
1326,Crotalaria_kurzii
1327,Crotalaria_medicaginea
1328,Crotalaria_montana
1329,Crotalaria_neriifolia
1330,Crotalaria_phyllostachya
1331,Crotalaria_quinquefolia
1332,Crotalaria_sessilifolia
1333,Crotalaria_tetragona
1334,Crotalaria_umbellata
1335,Crotalaria_valetonii
1336,Croton_alpinus
1337,Croton_boinianus
1338,Croton_caryocarpus
1339,Croton_caudatus
1340,Croton_crasifolius
1341,Croton_dodecamerus
1342,Croton_eberhardtii
1343,Croton_heterocarpus
1344,Croton_joufra
1345,Croton_krabas
1346,Croton_laevigatus
1347,Croton_langsonensis
1348,Croton_lasianthus
1349,Croton_maieuticus
1350,Croton_phuquocensis
1351,Croton_pontis
1352,Croton_scopuligenus
1353,Croton_thorelii
1354,Croton_tonkinensis
1355,Crudia_chrysantha
1356,Crypsinus_enervis
1357,Crypsinus_nigrovenius
1358,Crypteronia_paniculata
1359,Cryptocarya_caesia
1360,Cryptocarya_chingii
1361,Cryptocarya_densiflora
1362,Cryptocarya_hainanensis
1363,Cryptocarya_infectoria
1364,Cryptocarya_lenticellata
1365,Cryptocarya_metcalfiana
1366,Cryptocarya_ochracea
1367,Cryptochilus_ctenostachya
1368,Cryptochilus_petelotii
1369,Cryptocoryne_ciliata
1370,Cryptocoryne_vietnamensis
1371,Cryptolepis_buchananii
1372,Cryptomeria_japonica
1373,Cryptotaenia_japonica
1374,Ctenopteris_barathrophylla
1375,Ctenopteris_mollicoma
1376,Cucumis_sativus
1377,Cucurbita_moschata
1378,Cunninghamia_konishii
1379,Cupressus_torulosa
1380,Curculigo_annamitica
1381,Curculigo_disticha
1382,Curculigo_sinensis
1383,Curcuma_aeruginosa
1384,Curcuma_angustifolia
1385,Curcuma_aromatica
1386,Curcuma_elata
1387,Curcuma_harmandii
1388,Curcuma_longa
1389,Curcuma_parviflora
1390,Curcuma_pygmaea
1391,Curcuma_sahuynhensis
1392,Curcuma_stenochila
1393,Curcuma_vitellina
1394,Curcuma_zanthorrhiza
1395,Cuscuta_australis
1396,Cuscuta_japonica
1397,Cyamopsis_tetragonoloba
1398,Cyanotis_arachnoidea
1399,Cyanotis_cucullata
1400,Cyanotis_papilionacea
1401,Cyanotis_vaga
1402,Cyathocalyx_sumatrana
1403,Cyathostemma_argenteum
1404,Cyathostemma_wrayi
1405,Cyathula_prostrata
1406,Cycas_bifida
1407,Cycas_elongata
1408,Cycas_lindstromii
1409,Cycas_micholitzii
1410,Cycas_pectinata
1411,Cyclacanthus_coccineus
1412,Cyclea_barbata
1413,Cyclea_hypoglauca
1414,Cyclea_racemosa
1415,Cyclocarpa_stellaris
1416,Cymbidium_aloifolium
1417,Cymbidium_banaense
1418,Cymbidium_cochlea
1419,Cymbidium_dayanum
1420,Cymbidium_eburneum
1421,Cymbidium_erythraeum
1422,Cymbidium_finlaysonianum
1423,Cymbidium_hookerianum
1424,Cymbidium_iridioides
1425,Cymbidium_longifolium
1426,Cymbidium_sanderae
1427,Cymbidium_sinense
1428,Cymbidium_tamphianum
1429,Cymbopogon_annamensis
1430,Cymbopogon_cambodgiensis
1431,Cymbopogon_coloratus
1432,Cymbopogon_goeringii
1433,Cymbopogon_mekongensis
1434,Cymbopogon_pendulus
1435,Cymbopogon_tortilis
1436,Cymodocea_serrulata
1437,Cynanchum_officinale
1438,Cynara_scholymus
1439,Cynodon_dactylon
1440,Cynoglossum_zeylanicum
1441,Cynometra_glomerulata
1442,Cyperus_articulatus
1443,Cyperus_babakan
1444,Cyperus_castaneus
1445,Cyperus_clarkei
1446,Cyperus_compressus
1447,Cyperus_cuspidatus
1448,Cyperus_diffuus
1449,Cyperus_distans
1450,Cyperus_exaltatus
1451,Cyperus_grandis
1452,Cyperus_halpan
1453,Cyperus_iria
1454,Cyperus_leucocephalus
1455,Cyperus_micholianus
1456,Cyperus_multispicatus
1457,Cyperus_nutans
1458,Cyperus_ohwii
1459,Cyperus_pilosus
1460,Cyperus_procerus
1461,Cyperus_radians
1462,Cyperus_rupestris
1463,Cyperus_squarrosus
1464,Cyperus_tegetiformis
1465,Cyperus_tenuispica
1466,Cyperus_thorelii
1467,Cyperus_trialatus
1468,Cyperus_zollingeri
1469,Cypripedium_subtropicum
1470,Cyrtococcum_oxyphyllum
1471,Cyrtococcum_trigonum
1472,Cyrtosia_nana
1473,Cyrtostachys_renda
1474,Dacrycarpus_imbricatus
1475,Dacryodes_dungii
1476,Dactyloctenium_aegyptium
1477,Daemonorops_mollispinus
1478,Dahlia_pinnata
1479,Dalbergia_candenatensis
1480,Dalbergia_cultrata
1481,Dalbergia_dialoides
1482,Dalbergia_entadioides
1483,Dalbergia_hainanensis
1484,Dalbergia_henryana
1485,Dalbergia_lanceolaria
1486,Dalbergia_oliveri
1487,Dalbergia_pinnata
1488,Dalbergia_rimosa
1489,Dalbergia_stipulacea
1490,Dalbergia_tonkinensis
1491,Dalbergia_vetulina
1492,Dalbergia_volubilis
1493,Dalechampia_bidentata
1494,Daphne_bholua
1495,Daphniphyllum_himalayense
1496,Dasygrammitis_brevivenosa
1497,Dasymaschalon_lomentaceum
1498,Dasymaschalon_robinsonii
1499,Dasymaschalon_sootepensis
1500,Dasymaschalon_tueanum
1501,Datura_inoxia
1502,Datura_stramonium
1503,Davidia_involucrata
1504,Debregeasia_longifolia
1505,Debregeasia_wallichiana
1506,Decaspermum_gracilentum
1507,Decaspermum_parviflorum
1508,Deeringia_polysperma
1509,Dehaasia_caesia
1510,Dehaasia_curtisii
1511,Dehaasia_kurzii
1512,Delonix_regia
1513,Dendrobium_acinaciforme
1514,Dendrobium_albayense
1515,Dendrobium_amabile
1516,Dendrobium_annamense
1517,Dendrobium_aphyllum
1518,Dendrobium_bellatulum
1519,Dendrobium_brymerianum
1520,Dendrobium_cariniferum
1521,Dendrobium_chapaense
1522,Dendrobium_chlorostylum
1523,Dendrobium_chrysanthum
1524,Dendrobium_chrysotoxum
1525,Dendrobium_crumenatum
1526,Dendrobium_cumulatum
1527,Dendrobium_dantaniense
1528,Dendrobium_delacourii
1529,Dendrobium_devonianum
1530,Dendrobium_draconis
1531,Dendrobium_evaginatum
1532,Dendrobium_exile
1533,Dendrobium_farmeri
1534,Dendrobium_filicaule
1535,Dendrobium_formosum
1536,Dendrobium_guangxiense
1537,Dendrobium_hamatum
1538,Dendrobium_harveyanum
1539,Dendrobium_hendersonii
1540,Dendrobium_hercoglossum
1541,Dendrobium_hymenanthum
1542,Dendrobium_infundibulum
1543,Dendrobium_jenkinsii
1544,Dendrobium_langbianense
1545,Dendrobium_lindleyi
1546,Dendrobium_lituiflorum
1547,Dendrobium_loddigesii
1548,Dendrobium_longicornu
1549,Dendrobium_mannii
1550,Dendrobium_nathanielis
1551,Dendrobium_nobile_var._alboluteum
1552,Dendrobium_oligophyllum
1553,Dendrobium_pachyglossum
1554,Dendrobium_palpebrae
1555,Dendrobium_parcum
1556,Dendrobium_pendulum
1557,Dendrobium_phalaenopsis
1558,Dendrobium_pseudointricatum
1559,Dendrobium_pulchellum
1560,Dendrobium_secundum
1561,Dendrobium_simondii
1562,Dendrobium_spatella
1563,Dendrobium_terminale
1564,Dendrobium_thyrsiflorum
1565,Dendrobium_transparens
1566,Dendrobium_truncatum
1567,Dendrobium_unicum
1568,Dendrobium_venustum
1569,Dendrobium_wardianum
1570,Dendrobium_williamsonii
1571,Dendrocalamus_barbatus
1572,Dendrocalamus_giganteus
1573,Dendrocalamus_latiflorus
1574,Dendrocalamus_membranaceus
1575,Dendrocalamus_poilanei
1576,Dendrocalamus_strictus
1577,Dendrocnide_sinuata
1578,Dendrocnide_urentissima
1579,Dendrolobium_lanceolatum
1580,Dendrolobium_rugosum
1581,Dendrolobium_umbellatum
1582,Dendropanax_bilocularis
1583,Dendropanax_chevalieri
1584,Dendropanax_dentiger
1585,Dendropanax_macrocarpus
1586,Dendropanax_poilanei
1587,Dendropanax_venosus
1588,Dendrotrophe_frutescens
1589,Derris_alborubra
1590,Derris_balansae
1591,Derris_elliptica
1592,Derris_laotica
1593,Derris_marginata
1594,Derris_robusta
1595,Derris_tonkinensis
1596,Desmodium_auricomum
1597,Desmodium_concinnum
1598,Desmodium_fallax
1599,Desmodium_griffithianum
1600,Desmodium_heterocarpon
1601,Desmodium_laxiflorum
1602,Desmodium_megaphyllum
1603,Desmodium_multiflorum
1604,Desmodium_repandum
1605,Desmodium_schubertiae
1606,Desmodium_styracifolium
1607,Desmodium_tortuosum
1608,Desmodium_velutinum
1609,Desmostachya_bipinnata
1610,Desmos_cochinchinensis
1611,Desmos_dinhensis
1612,Desmos_pedunculosus
1613,Deutzianthus_tonkinensis
1614,Dianthus_barbatus
1615,Dianthus_chinensis
1616,Dichanthium_annulatum
1617,Dichapetalum_gelonoides
1618,Dichorisandra_thyrsiflora
1619,Dichroa_hirsuta
1620,Dichrocephala_benthamii
1621,Dichrocephala_chrysanthemifolia
1622,Dicliptera_bupleuroides
1623,Dicliptera_leonotis
1624,Dicranopteris_linearis
1625,Dicranopteris_splendida
1626,Dictyospermum_ovalifolium
1627,Didymocarpus_poilanei
1628,Didymocarpus_pulcher
1629,Didymoplexiopsis_khiriwongensis
1630,Didymoplexis_pallens
1631,Dieffenbachia_picta
1632,Digitalis_lanata
1633,Digitaria_abludens
1634,Digitaria_bicornis
1635,Digitaria_cruciata
1636,Digitaria_fuscescens
1637,Digitaria_horizontalis
1638,Digitaria_mollicoma
1639,Digitaria_quinhonensis
1640,Digitaria_setigera
1641,Digitaria_ternatea
1642,Dimeria_falcata
1643,Dimeria_kurzii
1644,Dimeria_sinensis
1645,Dimocarpus_fumatus
1646,Dimocarpus_longan
1647,Dinochloa_alata
1648,Dioscorea_alata
1649,Dioscorea_bonii
1650,Dioscorea_bulbifera
1651,Dioscorea_chingii
1652,Dioscorea_collettii
1653,Dioscorea_decipiens
1654,Dioscorea_depauperata
1655,Dioscorea_esculenta
1656,Dioscorea_hemsleyi
1657,Dioscorea_kamoonensis
1658,Dioscorea_laurifolia
1659,Dioscorea_nummularia
1660,Dioscorea_paradoxa
1661,Dioscorea_peperoides
1662,Dioscorea_petelotii
1663,Dioscorea_poilanei
1664,Dioscorea_scortechinii
1665,Dioscorea_velutipes
1666,Diosporopsis_longifolia
1667,Diospyros_bangoiensis
1668,Diospyros_bejaudii
1669,Diospyros_brandisiana
1670,Diospyros_candolleana
1671,Diospyros_cauliflora
1672,Diospyros_choboensis
1673,Diospyros_crumenata
1674,Diospyros_dasyphylla
1675,Diospyros_dictyoneura
1676,Diospyros_dodecandra
1677,Diospyros_ehretioides
1678,Diospyros_ferrea
1679,Diospyros_fleuryana
1680,Diospyros_haivanensis
1681,Diospyros_hayatae
1682,Diospyros_kaki
1683,Diospyros_lanceifolia
1684,Diospyros_lobata
1685,Diospyros_longipedicellata
1686,Diospyros_malabarica
1687,Diospyros_martabanica
1688,Diospyros_mollis
1689,Diospyros_morrisiana
1690,Diospyros_nitida
1691,Diospyros_penangiana
1692,Diospyros_philippinensis
1693,Diospyros_pyrrhocarpa
1694,Diospyros_rhodocalyx
1695,Diospyros_rubra
1696,Diospyros_salletii
1697,Diospyros_sylvatica
1698,Diospyros_undulata
1699,Diospyros_variegata
1700,Dipentodon_sinicus
1701,Diplazium_dilatatum
1702,Diplazium_esculentum
1703,Diplazium_latifrons
1704,Diplectria_barbata
1705,Diploclisia_glaucescens
1706,Diplomeris_pulchella
1707,Diplopterygium_blotianum
1708,Diplopterygium_laevissimum
1709,Diplycosia_annamensis
1710,Dipodium_paludosum
1711,Dipsacus_japonicus
1712,Dipterocarpus_baudii
1713,Dipterocarpus_dyeri
1714,Dipterocarpus_hasseltii
1715,Dipterocarpus_obtusifolius
1716,Dipterocarpus_tuberculatus
1717,Disanthus_ovatifolius
1718,Dischidia_acuminata
1719,Dischidia_hirsuta
1720,Dischidia_major
1721,Dischidia_singaporensis
1722,Dischidia_singularis_Craib
1723,Disporum_calcaratum
1724,Disporum_hainanense
1725,Distichochlamys_citrea
1726,Distichochlamys_rubrostriata
1727,Distylium_indicum
1728,Dodonaea_angustifolia
1729,Dolichandrone_columnaris
1730,Dolichandrone_spathacea
1731,Dolichos_trilobus
1732,Donax_cannaeformis
1733,Dopatrium_acutifolium
1734,Doritis_pulcherrima
1735,Doronicum_caucasium
1736,Doryopteris_ludens
1737,Dracaena_cambodiana
1738,Dracaena_deremensis
1739,Dracaena_elliptica
1740,Dracaena_goldieana
1741,Dracaena_sanderiana
1742,Dracontomelum_dao
1743,Dracontomelum_schmidii
1744,Dregea_volubilis
1745,Drimycarpus_racemosus
1746,Drynaria_delavayi
1747,Drynaria_parishii
1748,Drynaria_quercifolia
1749,Drypetes_assamica
1750,Drypetes_hoaensis
1751,Drypetes_perreticulata
1752,Drypetes_salicifolia
1753,Duabanga_gradiflora
1754,Dumasia_villosa
1755,Dunbaria_ferruginea
1756,Dunbaria_fusca
1757,Dunbaria_henryi
1758,Dunbaria_lecomtei
1759,Dunbaria_nivea
1760,Dunbaria_truncata
1761,Duranta_repens
1762,Dypsis_pinnatifrons
1763,Dyschoriste_erecta
1764,Dysolobium_dolichoides
1765,Dysoxylum_allicaceum
1766,Dysoxylum_binectariferum
1767,Dysoxylum_cauliflorum
1768,Dysoxylum_loureirii
1769,Dysoxylum_tonkinensis
1770,Eberhardtia_krempfii
1771,Ecbolium_viride
1772,Echinochloa_colona
1773,Echinochloa_crus-pavonis
1774,Echinochloa_frumentacea
1775,Echinochloa_stagina
1776,Eclipta_prostrata
1777,Ehretia_acuminata
1778,Ehretia_dichotoma
1779,Ehretia_longifolia
1780,Ehretia_tsiangii
1781,Elaeagnus_bonii
1782,Elaeagnus_delavayi
1783,Elaeagnus_latifolia
1784,Elaeagnus_sarmentosus
1785,Elaeis_guineensis
1786,Elaeocarpus_apiculatus
1787,Elaeocarpus_bidupensis
1788,Elaeocarpus_bracanus
1789,Elaeocarpus_coastilus
1790,Elaeocarpus_floribundus
1791,Elaeocarpus_grandiflorus
1792,Elaeocarpus_hainanensis
1793,Elaeocarpus_hygrophilus
1794,Elaeocarpus_japonicus
1795,Elaeocarpus_lanceifolius
1796,Elaeocarpus_limitaneus
1797,Elaeocarpus_macrocerus
1798,Elaeocarpus_nitentifolius
1799,Elaeocarpus_petelotii
1800,Elaeocarpus_poilanei
1801,Elaeocarpus_stipularis
1802,Elaeocarpus_tectorius
1803,Elaeocarpus_varunus
1804,Elaphoglossum_angulatum
1805,Elaphoglossum_callifolium
1806,Elaphoglossum_marginatum
1807,Elatostema_acuminatum
1808,Elatostema_atropurpureum
1809,Elatostema_cuneatum
1810,Elatostema_eurynchum
1811,Elatostema_integrifolium
1812,Elatostema_megacephalum
1813,Elatostema_rupestre
1814,Eleocharis_acicularis
1815,Eleocharis_atropurpurea
1816,Eleocharis_congesta
1817,Eleocharis_geniculata
1818,Eleocharis_parvula
1819,Eleocharis_retroflexa
1820,Eleocharis_tetraquetra
1821,Elephantopus_mollis
1822,Elephantopus_spicatus
1823,Elettariopsis_triloba
1824,Eleusine_coracana
1825,Eleuthrine_bulbosa
1826,Elsholtzia_blanda
1827,Elsholtzia_communis
1828,Elsholtzia_pilosa
1829,Elsholtzia_winitiana
1830,Elytraria_tridentata
1831,Embelia_henryi
1832,Embelia_parviflora
1833,Embelia_sessiliflora
1834,Embolanthera_glabrescens
1835,Emelia_sonchifolia
1836,Emilia_scabra
1837,Endiandra_hainanensis
1838,Endiandra_rubescens
1839,Engelhardtia_serrata
1840,Enhalus_acoroides
1841,Enicostema_axilare
1842,Enkianthus_ruber
1843,Ensete_glaucum
1844,Entada_glandulosa
1845,Enydra_fluctuans
1846,Epaltes_divaricata
1847,Epicranthes_abbrevilabium
1848,Epigeneium_annamense
1849,Epigeneium_labuanum
1850,Epilobium_brevifolium
1851,Epimedium_macranthum
1852,Epiphyllum_oxypetalum
1853,Epipremnum_giganteum
1854,Epiprinus_balansae
1855,Epiprinus_siletianus
1856,Episcia_cupreata
1857,Epithema_involucratum
1858,Equisetum_ramosissimum
1859,Eragrostis_brizoides
1860,Eragrostis_ciliaris
1861,Eragrostis_cylindrica
1862,Eragrostis_diplachnoides
1863,Eragrostis_ferruginea
1864,Eragrostis_japonica
1865,Eragrostis_minor
1866,Eragrostis_nigra
1867,Eragrostis_pilosa
1868,Eragrostis_tremula
1869,Eragrostis_viscosa
1870,Eranthemum_pulchellum
1871,Erechtites_hieracifolia
1872,Eremochloa_ciliaris
1873,Eremochloa_muricata
1874,Eria_acervata
1875,Eria_apertiflora
1876,Eria_bidupensis
1877,Eria_bipunctata
1878,Eria_bractescens
1879,Eria_carinata
1880,Eria_clausa
1881,Eria_cochinchinensis
1882,Eria_coronaria
1883,Eria_donnaiensis
1884,Eria_floribunda
1885,Eria_gagnepainii
1886,Eria_globulifera
1887,Eria_lactiflora
1888,Eria_lasiopetala
1889,Eria_muscicola
1890,Eria_pachyphylla
1891,Eria_pannea
1892,Eria_pulverulenta
1893,Eria_simondii
1894,Eria_stricta
1895,Eria_tenuiflora
1896,Eria_tomentosa
1897,Erigeron_multifolius
1898,Eriocaulon_australe
1899,Eriocaulon_bonii
1900,Eriocaulon_brownianum
1901,Eriocaulon_duthiei
1902,Eriocaulon_echinulatum
1903,Eriocaulon_henryanum
1904,Eriocaulon_hookerianum
1905,Eriocaulon_lanigerum
1906,Eriocaulon_luzulaefolium
1907,Eriocaulon_nautiliforme
1908,Eriocaulon_oryzetorum
1909,Eriocaulon_quinquangulare
1910,Eriocaulon_sexangulare
1911,Eriocaulon_truncatum
1912,Eriochloa_polystachya
1913,Eriochloa_villosa
1914,Eriolaena_candoliei
1915,Eriophorum_scabriculme
1916,Erismanthus_obliquus
1917,Erycibe_elliptilimba
1918,Erycibe_hainanensis
1919,Erycibe_schmidtii
1920,Eryngium_foetidum
1921,Erythrina_stricta
1922,Erythrina_variegata
1923,Erythrodes_hirsuta
1924,Erythrophleum_fordii
1925,Erythroxylum_annamense
1926,Erythroxylum_cuneatum
1927,Esmeralda_clarkei
1928,Etlingera_megalocheilos
1929,Eucalyptus_camaldulensis
1930,Eucalyptus_robusta
1931,Euchresta_horsfieldii
1932,Eulalia_fimbriata
1933,Eulalia_leschenaultiana
1934,Eulalia_phaeothrix
1935,Eulalia_speciosa
1936,Eulophia_flava
1937,Eulophia_macrobulbon
1938,Eulophia_pulchra
1939,Eulophia_yunnanensis
1940,Euonymus_acanthoxanthus
1941,Euonymus_chinensis
1942,Euonymus_cuspidatus
1943,Euonymus_japonicus
1944,Euonymus_laxiflorus
1945,Eupatorium_cannabinum
1946,Eupatorium_chinense
1947,Eupatorium_fortunei
1948,Eupatorium_japonicum
1949,Eupatorium_odoratum
1950,Euphorbia_antiquorum
1951,Euphorbia_atoto
1952,Euphorbia_chrysocoma
1953,Euphorbia_cyathophora
1954,Euphorbia_heterophylla
1955,Euphorbia_hirta
1956,Euphorbia_indica
1957,Euphorbia_maculata
1958,Euphorbia_parviflora
1959,Euphorbia_pulcherrima
1960,Euphorbia_serpens
1961,Euphorbia_thymifolia
1962,Euphorbia_trigona
1963,Eurya_acuminata
1964,Eurya_cerasifolia
1965,Eurya_ciliata
1966,Eurya_distichophylla
1967,Eurya_groffii
1968,Eurya_laotica
1969,Eurya_muricata
1970,Eurya_pentagyna
1971,Eurya_prunifolia
1972,Eurya_stenophylla
1973,Eurya_tetragonoclada
1974,Eurya_tonkinensis
1975,Eurya_tsingpienensis
1976,Eurycoma_longifolia
1977,Euscaphis_tonkinensis
1978,Eustigma_balansae
1979,Euthemis_leucocarpa
1980,Evolvulus_alsinoides
1981,Exacum_tetragonum
1982,Exbucklandia_populnea
1983,Excentrodendron_hsienmu
1984,Excoecaria_agallocha
1985,Excoecaria_cochinchinensis
1986,Excoecaria_oppositifolia
1987,Exotheca_abyssinica
1988,Fagraea_auriculata
1989,Fagraea_crenulata
1990,Fagraea_racemosa
1991,Fallopia_convolvulus
1992,Fatoua_pilosa
1993,Fernandoa_bracteata
1994,Fernandoa_collignonii
1995,Fibraurea_tinctoria
1996,Ficus_altissima
1997,Ficus_annulata
1998,Ficus_aurata
1999,Ficus_balansae
2000,Ficus_binnendijkii
2001,Ficus_callosa
2002,Ficus_chartacea
2003,Ficus_drupacea
2004,Ficus_erecta
2005,Ficus_formosana
2006,Ficus_geniculata
2007,Ficus_glandulifera
2008,Ficus_heterophylla
2009,Ficus_hirta
2010,Ficus_ischnopoda
2011,Ficus_laevis
2012,Ficus_microcarpa
2013,Ficus_obscura
2014,Ficus_orthoneura
2015,Ficus_prostrata
2016,Ficus_racemosa
2017,Ficus_retusa
2018,Ficus_rumphii
2019,Ficus_sarmentosa
2020,Ficus_simplicissima
2021,Ficus_stenophylla
2022,Ficus_subcordata
2023,Ficus_sumatrana
2024,Ficus_superba
2025,Ficus_tuphapensis
2026,Ficus_variolosa
2027,Ficus_vilosa
2028,Fimbristylis_acicularis
2029,Fimbristylis_adenolepis
2030,Fimbristylis_alboviridis
2031,Fimbristylis_Aphylla
2032,Fimbristylis_bisumbellata
2033,Fimbristylis_cinnamometorum
2034,Fimbristylis_cymosa
2035,Fimbristylis_dichotomoides
2036,Fimbristylis_disticha
2037,Fimbristylis_eragrostis
2038,Fimbristylis_fenestrata
2039,Fimbristylis_fusca
2040,Fimbristylis_griffithii
2041,Fimbristylis_insignis
2042,Fimbristylis_lasiophylla
2043,Fimbristylis_malayana
2044,Fimbristylis_microcarya
2045,Fimbristylis_nelmesii
2046,Fimbristylis_oblonga
2047,Fimbristylis_onchinidiocarpa
2048,Fimbristylis_pauciflora
2049,Fimbristylis_polytrichoides
2050,Fimbristylis_quinquangularis
2051,Fimbristylis_rigidula
2052,Fimbristylis_scaberrima
2053,Fimbristylis_semarangensis
2054,Fimbristylis_stolonifera
2055,Fimbristylis_tenuicula
2056,Fimbristylis_thomsonii
2057,Fimbristylis_tristachya
2058,Firmiana_colorata
2059,Fissistigma_acuminatissimum
2060,Fissistigma_bicolor
2061,Fissistigma_cupreonitens
2062,Fissistigma_latifolium
2063,Fissistigma_oldhamii
2064,Fissistigma_petelotii
2065,Fissistigma_polyanthoides
2066,Fissistigma_rufinerve
2067,Fissistigma_shangtzeense
2068,Fissistigma_thorelii
2069,Fissistigma_villosissimum
2070,Flacourtia_indica
2071,Flacourtia_montana
2072,Flagellaria_indica
2073,Flemingia_involucrata
2074,Flemingia_macrophylla
2075,Flemingia_stricta
2076,Flickingeria_albopurpurea
2077,Flickingeria_bancana
2078,Flickingeria_forcipata
2079,Flickingeria_ritaeana
2080,Flickingeria_vietnamensis
2081,Floscopa_glabratus
2082,Floscopa_scandens
2083,Flueggea_spirei
2084,Foeniculum_vulgare
2085,Fordiophyton_strictum
2086,Fraxinus_floribunda
2087,Fraxinus_insularis
2088,Freesia_refracta
2089,Freycinetia_sumatrana
2090,Friesodielsia_affinis
2091,Fuchsia_hybrida
2092,Gaertnera_junghuhniana
2093,Gagnepainia_thoreliana
2094,Gahnia_tristis
2095,Gaillardia_pulchella
2096,Galactia_latifolia
2097,Galactia_tenuiflora
2098,Galeandra_stangeana
2099,Galeola_nudiflora
2100,Garcinia_cochinchinensis
2101,Garcinia_fagraeoides
2102,Garcinia_gaudichaudii
2103,Garcinia_lanessanii
2104,Garcinia_merguensis
2105,Garcinia_oblongifolia
2106,Garcinia_oliveri
2107,Garcinia_tinctoria
2108,Garrettia_siamensis
2109,Garuga_pinnata
2110,Gastrochilus_bigibbus
2111,Gastrochilus_hainanensis
2112,Gastrochilus_obliquus
2113,Gastrochilus_setosus
2114,Gastrochilus_suavis
2115,Gastrodia_punctata
2116,Gaultheria_fragrantissima
2117,Gaultheria_prostrata
2118,Geissaspis_cristata
2119,Genianthus_laurifolius
2120,Gentiana_indica
2121,Gentiana_rigescens
2122,Geodorum_densiflorum
2123,Geodorum_recurvum
2124,Geostachys_annamensis
2125,Geranium_nepalense
2126,Gerbera_piloselloides
2127,Germainia_thorelii
2128,Gigantochloa_cochinchinensis
2129,Gigantochloa_multiculmis
2130,Gigantochloa_vinhphuica
2131,Girardinia_diversifolia
2132,Gironniera_nervosa
2133,Gladiolus_gandavensis
2134,Glechoma_hederacea
2135,Gleditsia_fera
2136,Glehnia_littoralis
2137,Glenniea_therolii
2138,Gliricidia_sepium
2139,Globba_barthei
2140,Globba_globulifera
2141,Globba_marantina
2142,Globba_pendula
2143,Globba_rosea
2144,Globba_siamensis
2145,Glochidion_annamense
2146,Glochidion_balansae
2147,Glochidion_coccineum
2148,Glochidion_daltonii
2149,Glochidion_glomerulatum
2150,Glochidion_littorale
2151,Glochidion_pilosum
2152,Glochidion_rubrum
2153,Glochidion_talmyanum
2154,Glochidion_velutinum
2155,Gloriosa_superba
2156,Glossocarya_siamensis
2157,Glossogyne_condorensis
2158,Glossogyne_tenuifolia
2159,Gluta_compacta
2160,Gluta_megalocarpa
2161,Gluta_velutina
2162,Glycine_max
2163,Glycyrrhiza_uralensis
2164,Glyptopetalum_calyptratum
2165,Glyptopetalum_gracilipes
2166,Glyptopetalum_longepdunculatum
2167,Glyptopetalum_thorelli
2168,Glyptostrobus_pensilis
2169,Gmelina_arborea
2170,Gmelina_elliptica
2171,Gmelina_philippinensis
2172,Gnaphalium_affine
2173,Gnetum_cuspidatum
2174,Gnetum_gnemon
2175,Gnetum_latifolium
2176,Gnetum_macrostachyanum
2177,Gnetum_parvifolium
2178,Gomphandra_donnaiensis
2179,Gomphandra_mollis
2180,Gomphandra_quadrifida
2181,Gomphandra_tetrandra
2182,Gomphia_striata
2183,Gomphogyne_cissiformis
2184,Gomphostemma_crinitum
2185,Gomphostemma_javanicum
2186,Gomphostemma_lucidum
2187,Gomphostemma_niveum
2188,Gomphostemma_paviflorum
2189,Gomphostemma_strobilinum
2190,Gomphrena_globosa
2191,Goniophlebium_argutum
2192,Goniothalamus_albiflorus
2193,Goniothalamus_chartaceus
2194,Goniothalamus_donnaiensis
2195,Goniothalamus_expansus
2196,Goniothalamus_gabriacianus
2197,Goniothalamus_leiocarpus
2198,Goniothalamus_multiovulatus
2199,Goniothalamus_takhtajanii
2200,Goniothalamus_tenuifolius
2201,Goniothalamus_undulatus
2202,Goniothalamus_wightii
2203,Gonostegia_pentandra
2204,Goodyera_foliosa
2205,Goodyera_hispida
2206,Goodyera_rhombodoides
2207,Goodyera_viridiflora
2208,Gordonia_balansae
2209,Gordonia_gigantiflora
2210,Gossypium_arboreum
2211,Gossypium_hirsutum
2212,Grammitis_adspersa
2213,Grammitis_congener
2214,Grammitis_dorsipila
2215,Grammitis_lasiosora
2216,Grangea_maderaspatana
2217,Grevillea_robusta
2218,Grewia_acuminata
2219,Grewia_asiatica
2220,Grewia_bilamellata
2221,Grewia_callophylla
2222,Grewia_glabra
2223,Grewia_langsonensis
2224,Grewia_oligandra
2225,Grewia_polygama
2226,Grewia_sessilifolia
2227,Grewia_urenifolia
2228,Guazuma_ulmifolia
2229,Guihaia_grossefibrosa
2230,Guioa_pleuropteris
2231,Gymananthera_oblonga
2232,Gymnema_alterniflorum
2233,Gymnema_griffithii
2234,Gymnema_latifolium
2235,Gymnema_sylvestre
2236,Gymnocladus_angustifolius
2237,Gymnopetalum_integrifolium
2238,Gymnosporia_diversifolia
2239,Gymnotheca_chinensis
2240,Gynostemma_laxum
2241,Gynura_aurantiaca
2242,Gynura_colaniae
2243,Gynura_divaricata
2244,Gynura_lycopersicifolia
2245,Gynura_ovalis
2246,Habenaria_acuifera
2247,Habenaria_arietina
2248,Habenaria_commelinifolia
2249,Habenaria_erostrata
2250,Habenaria_godefroyi
2251,Habenaria_lindleyana
2252,Habenaria_lucida
2253,Habenaria_mandersii
2254,Habenaria_petelotii
2255,Habenaria_praetermissa
2256,Habenaria_reniformis
2257,Habenaria_rostellifera
2258,Habenaria_rumphii
2259,Habenaria_viridiflora
2260,Haemanthus_multiflorum
2261,Halodule_pinifolia
2262,Halophila_beccarii
2263,Halophila_minor
2264,Halophila_ovata
2265,Hancockia_uniflora
2266,Hapaline_benthamiana
2267,Hapaline_ellipticifolia
2268,Harmandia_mekongensis
2269,Harpullia_arborea
2270,Harrisonia_perforata
2271,Hartia_tonkinensis
2272,Hedera_sinensis
2273,Hedychium_coccineum
2274,Hedychium_ellipticum
2275,Hedychium_gardnerianum
2276,Hedychium_stenopetalum
2277,Hedychium_yunnaense
2278,Hedyotis_acutangula
2279,Hedyotis_crassifolia
2280,Hedyotis_uncinella
2281,Helianthus_annuus
2282,Helicia_cauliflora
2283,Helicia_excelsa
2284,Helicia_grandifolia
2285,Helicia_hainanensis
2286,Helicia_nilagirica
2287,Helicia_robusta
2288,Heliciopsis_lobata
2289,Heliconia_bihai
2290,Helicteres_angustifolia
2291,Helicteres_hirsuta
2292,Helicteres_viscida
2293,Heliotropium_marifolium
2294,Helixanthera_delavayi
2295,Helwingia_himalaica
2296,Hemarthria_altissima
2297,Hemarthria_longiflora
2298,Hemerocallis_fulva
2299,Hemiboea_cavaleriei
2300,Hemiboea_poilanei
2301,Hemiboea_thanhhoensis
2302,Hemigraphis_alternata
2303,Hemigraphis_procumbens
2304,Hemionitis_arifolia
2305,Hemipilia_calophylla
2306,Hemisorghum_mekongense
2307,Hemsleya_chinensis
2308,Heracleum_hemsleyanum
2309,Heritiera_cordata
2310,Heritiera_macrophylla
2311,Hernandia_nymphifolia
2312,Hetaeria_affinis
2313,Hetaeria_oblongifolia
2314,Heteropanax_chinensis
2315,Heteropappus_hispidus
2316,Heteropogon_contortus
2317,Heterosmilax_borneensis
2318,Heterosmilax_paniculata
2319,Heterosmilax_septemnervia
2320,Heterostemma_grandiflorum
2321,Hewittia_scandens
2322,Hibiscus_macrophyllus
2323,Hibiscus_mutabilis
2324,Hibiscus_rosa-sinensis
2325,Hibiscus_surattensis
2326,Hibiscus_tiliaceus
2327,Hiepia_corymbosa
2328,Hippeastrum_reticulatum
2329,Hippomane_mancinella
2330,Hiptage_candicans
2331,Hodgsonia_macrocarpa
2332,Holarrhena_pubescens
2333,Holboellia_chapaensis
2334,Holcoglossum_amesianum
2335,Holcoglossum_wangii
2336,Holoptelea_integrifolia
2337,Homalium_ceylanicum
2338,Homalomena_gigantea
2339,Homalomena_pedula
2340,Homalomena_tonkinensis
2341,Homonoia_retusa
2342,Hopea_chinensis
2343,Hopea_ferrea
2344,Hopea_helferi
2345,Hopea_mollissima
2346,Hopea_pierrei
2347,Hopea_reticulata
2348,Hopea_vietnamensis
2349,Hornstedtia_sanhan
2350,Horsfieldia_hainanensis
2351,Horsfieldia_kingii
2352,Horsfieldia_thorelii
2353,Hoya_carnosa
2354,Hoya_fusca
2355,Hoya_hanhiae
2356,Hoya_liangii
2357,Hoya_longipedunculata
2358,Hoya_macrophylla
2359,Hoya_multiflora
2360,Hoya_parasitica
2361,Hoya_wallichiana
2362,Humulus_lupulus
2363,Huodendron_biaristatum
2364,Huodendron_tibeticum
2365,Huperzia_carinata
2366,Huperzia_phlegmaria
2367,Hupezia_squarrosa
2368,Hydnocarpus_anthelmintica
2369,Hydnocarpus_hainanensis
2370,Hydnocarpus_kurzii
2371,Hydnocarpus_saigonensis
2372,Hydrangea_aspera
2373,Hydrangea_macrophylla
2374,Hydrobryum_japonicum
2375,Hydrocharis_dubia
2376,Hydrocotyle_chinensis
2377,Hydrocotyle_petelotii
2378,Hydrocotyle_siamica
2379,Hydrocotyle_tonkinensis
2380,Hydrocotyle_wilfordii
2381,Hygrochilus_parishii
2382,Hygrophyla_polysperma
2383,Hylocereus_undatus
2384,Hymenaea_courbaril
2385,Hymenocallis_speciosa
2386,Hymenophyllum_badium
2387,Hymenophyllum_denticulatum
2388,Hymenophyllum_fimbriatum
2389,Hymenopyramis_brachiata
2390,Hymenorchis_phitamii
2391,Hyparrhenia_diplandra
2392,Hyparrhenia_filipendula
2393,Hypodematium_crenatum
2394,Hypolytrum_longiostre
2395,Hypolytrum_ohwianum
2396,Hypoxis_aurea
2397,Hyptis_rhomboidea
2398,Ilex_annamensis
2399,Ilex_chapaensis
2400,Ilex_cinerea
2401,Ilex_crenata
2402,Ilex_glomerata
2403,Ilex_kaushue
2404,Ilex_maclurei
2405,Ilex_memecylifolia
2406,Ilex_odorata
2407,Ilex_pubilimba
2408,Ilex_purpurea
2409,Ilex_subficoidea
2410,Ilex_trifolia
2411,Ilex_viridis
2412,Ilex_wightiana
2413,Illicium_difengpi
2414,Illicium_macranthum
2415,Illicium_pachyphyllum
2416,Illicium_parvifolium
2417,Illicium_petelotii
2418,Illicium_tenuifolium
2419,Illicium_tsaii
2420,Illigera_celebica
2421,Impatiens_balansae
2422,Impatiens_claviger
2423,Impatiens_luteola
2424,Impatiens_walleriana
2425,Imperata_cylindrica
2426,Indigofera_aralensis
2427,Indigofera_atropurpurea
2428,Indigofera_caloneura
2429,Indigofera_colutea
2430,Indigofera_galegoides
2431,Indigofera_hirsuta
2432,Indigofera_linnaei
2433,Indigofera_nigrescens
2434,Indigofera_sootepensis
2435,Indigofera_squalida
2436,Indigofera_suffruticosa
2437,Indigofera_trifoliata
2438,Indigofera_zollingeriana
2439,Indosasa_bacquangensis
2440,Indosasa_hispida
2441,Indosinia_involucrata
2442,Inula_forrestii
2443,Inula_racemosa
2444,Iphigenia_indica
2445,Ipomoea_batatas
2446,Ipomoea_bonii
2447,Ipomoea_cairica
2448,Ipomoea_carnea
2449,Ipomoea_digitata
2450,Ipomoea_hederifolia
2451,Ipomoea_macrantha
2452,Ipomoea_muricata
2453,Ipomoea_pes-
2454,Ipomoea_polymorpha
2455,Iresine_herbstii
2456,Irvingia_malayana
2457,Isachne_ascendens
2458,Isachne_cochinchinensis
2459,Isachne_globosa
2460,Isachne_kunthiana
2461,Isachne_miliacea
2462,Isachne_pallens
2463,Isachne_polygonoides
2464,Isachne_truncata
2465,Ischaemum_australe
2466,Ischaemum_eberhardtii
2467,Ischaemum_rugosum
2468,Ischaemum_tenuifolium
2469,Ischaemum_timorense
2470,Isodon_coetsa
2471,Isodon_lophanthoides
2472,Isodon_walkeri
2473,Isoglossa_fastidiosa
2474,Itea_chinensis
2475,Itoa_orientalis
2476,Ixeris_debilis
2477,Ixeris_gracilis
2478,Ixeris_makinoana
2479,Ixeris_versicolor
2480,Jacaranda_mimosifolia
2481,Jacquemontia_paniculata
2482,Jasminanthes_xuanlienensis
2483,Jasminum_arborescens
2484,Jasminum_eberhardtii
2485,Jasminum_microcalyx
2486,Jasminum_nervosum
2487,Jasminum_pierreanum
2488,Jasminum_sambac
2489,Jatropha_gossypiifolia
2490,Jatropha_multifida
2491,Juglans_regia
2492,Juncus_effusus
2493,Justicia_gendarussa
2494,Justicia_neesiana
2495,Kadsura_coccinea
2496,Kadsura_logipedunculata
2497,Kaempferia_angustifolia
2498,Kaempferia_cochinchinensis
2499,Kaempferia_fallax
2500,Kaempferia_pulchra
2501,Kalanchoe_blossfeldiana
2502,Kalanchoe_integra
2503,Kalanchoe_mortagei
2504,Kalanchoe_tubiflora
2505,Karomia_fragrans
2506,Kerriochloa_siamensis
2507,Keteleeria_evelyniana
2508,Khaya_senegalensis
2509,Kibatalia_macrophylla
2510,Kinabaluchloa_wrayi
2511,Knema_elegans
2512,Knema_globularia
2513,Knema_pachycarpa
2514,Knema_pierrei
2515,Knema_squamulosa
2516,Koilodepas_longifolium
2517,Kopsia_cochinchinensis
2518,Kopsia_harmandiana
2519,Kopsia_tonkinensis
2520,Korthalsia_laciniosa
2521,Kummerowia_stipulacea
2522,Kydia_calycina
2523,Kyllinga_curvispiculosa
2524,Kyllinga_nemoralis
2525,Kyllinga_polyphylla
2526,Lablab_purpureus
2527,Lactuca_denticulata
2528,Lactuca_graciliflora
2529,Lactuca_indica
2530,Lactuca_repens
2531,Lactuca_sororia
2532,Lagenaria_siceraria
2533,Lagerstroemia_balansae
2534,Lagerstroemia_loudonii
2535,Lagerstroemia_tomentosa
2536,Laggera_alata
2537,Laggera_intermedia
2538,Lannea_coromandelica
2539,Lantana_camara
2540,Laportea_disepala
2541,Laportea_thorelii
2542,Lasianthus_fansipanensis
2543,Lasiococca_chanii
2544,Lasiococca_locii
2545,Launaea_acaulis
2546,Launaea_sarmentosa
2547,Lawsonia_inermis
2548,Lecanthus_peduncularis
2549,Leea_aequata
2550,Leea_guineensis
2551,Leea_rubra
2552,Leersia_hexandra
2553,Lemmaphyllum_microphyllum
2554,Lemnaphyllum_microphyllum
2555,Lemna_japonica
2556,Lemna_tenera
2557,Leonotis_nepetifolia
2558,Leonurus_japonicus
2559,Lepidosperma_chinense
2560,Lepironia_articulata
2561,Lepisanthes_rubiginosa
2562,Lepisorus_kuchenensis
2563,Lepisorus_macrosphaerus
2564,Lepisorus_sublinearis
2565,Lepisorus_subrostratus
2566,Lepisorus_tosaensis
2567,Lepistemon_binectariferum
2568,Leptaspis_urceolata
2569,Leptochilus_cantoniensis
2570,Leptochilus_hemitomus
2571,Leptochilus_macrophyllus
2572,Leptochloa_chinensis
2573,Leptochloa_panicea
2574,Leptomischus_primuloides
2575,Leptopus_australis
2576,Lespedeza_davurica
2577,Leucaena_leucocephala
2578,Leucas_biflora
2579,Leucas_mollissima
2580,Leucomeris_decora
2581,Leucosceptrum_canum
2582,Licuala_bracteata
2583,Licuala_elegans
2584,Licuala_glaberrima
2585,Licuala_hexasepala
2586,Licuala_radula
2587,Licuala_spinosa
2588,Ligularia_petelotii
2589,Ligustrum_sinense
2590,Lilium_brownii
2591,Lilium_concolor
2592,Lilium_lancifolium
2593,Lilium_polanei
2594,Limnophila_connata
2595,Limnophila_erecta
2596,Limnophila_heterophylla
2597,Limnophila_rugosa
2598,Limnophyton_obtusifolium
2599,Lindenbergia_muraria
2600,Lindera_aggregate
2601,Lindera_assamica
2602,Lindera_communis
2603,Lindera_gracilipes
2604,Lindera_metcalfiana
2605,Lindera_nacusua
2606,Lindera_sinensis
2607,Lindera_thomsonii
2608,Lindernia_antipoda
2609,Lindernia_ciliata
2610,Lindernia_latifolia
2611,Lindernia_pusilla
2612,Lindernia_stolonifera
2613,Linociera_robinsonii
2614,Linum_usitatissimum
2615,Liparis_acutissima
2616,Liparis_atrosanguinea
2617,Liparis_averyanoviana
2618,Liparis_clypeolum
2619,Liparis_conopea
2620,Liparis_deflexa
2621,Liparis_elliptica
2622,Liparis_ferruginea
2623,Liparis_gibbosa
2624,Liparis_mannii
2625,Liparis_nervosa
2626,Liparis_oppositifolia
2627,Liparis_pumila
2628,Liparis_regnieri
2629,Liparis_sparsiflora
2630,Liparis_viridiflora
2631,Lipocarpha_microcephala
2632,Liquidambar_formosana
2633,Liriodendron_chinense
2634,Lithocarpus_ailaoensis
2635,Lithocarpus_annamensis
2636,Lithocarpus_areca
2637,Lithocarpus_bacgiangensis
2638,Lithocarpus_bassacensis
2639,Lithocarpus_bentramensis
2640,Lithocarpus_braianensis
2641,Lithocarpus_cambodiensis
2642,Lithocarpus_cerifer
2643,Lithocarpus_coalitus
2644,Lithocarpus_cryptocarpus
2645,Lithocarpus_dahuoaiensis
2646,Lithocarpus_dealbatus
2647,Lithocarpus_ducampii
2648,Lithocarpus_elaeagnifolius
2649,Lithocarpus_elegans
2650,Lithocarpus_elizabethae
2651,Lithocarpus_farinulentus
2652,Lithocarpus_fordianus
2653,Lithocarpus_garrettianus
2654,Lithocarpus_gougerotae
2655,Lithocarpus_guinieri
2656,Lithocarpus_kemmeratensis
2657,Lithocarpus_kozlovii
2658,Lithocarpus_kunstleri
2659,Lithocarpus_laouanensis
2660,Lithocarpus_leiostachyus
2661,Lithocarpus_leucostachyus
2662,Lithocarpus_lindleyanus
2663,Lithocarpus_longipedicellatus
2664,Lithocarpus_megalophyllus
2665,Lithocarpus_mekongensis
2666,Lithocarpus_nebularum
2667,Lithocarpus_obovatifolius
2668,Lithocarpus_ombrophilus
2669,Lithocarpus_pachycarpus
2670,Lithocarpus_pakhaensis
2671,Lithocarpus_paviei
2672,Lithocarpus_phansipanensis
2673,Lithocarpus_platyphyllus
2674,Lithocarpus_podocarpus
2675,Lithocarpus_proboscideus
2676,Lithocarpus_quangnamensis
2677,Lithocarpus_rouletii
2678,Lithocarpus_silvicolarum
2679,Lithocarpus_sphaerocarpus
2680,Lithocarpus_tephrocarpus
2681,Lithocarpus_toumorangensis
2682,Lithocarpus_triqueter
2683,Lithocarpus_vestitus
2684,Lithocarpus_vuquangensis
2685,Lithocarpus_yersinii
2686,Litsea_balansae
2687,Litsea_brevipes
2688,Litsea_chartacea
2689,Litsea_cubeba
2690,Litsea_ferruginea
2691,Litsea_firma
2692,Litsea_glutinosa
2693,Litsea_laevifolia
2694,Litsea_lancilimba
2695,Litsea_longistaminata
2696,Litsea_monopelata
2697,Litsea_panamonja
2698,Litsea_rubescens
2699,Litsea_thorelii
2700,Litsea_variabilis
2701,Litsea_viridis
2702,Livistona_chinensis
2703,Livistona_saribus
2704,Lobelia_alsinoides
2705,Lobelia_erinus
2706,Lobelia_heyniana
2707,Loeseneriella_merrilleana
2708,Lomariopsis_spectabilis
2709,Lonicera_acuminata
2710,Lonicera_bournei
2711,Lonicera_confusa
2712,Lonicera_hildebrandica
2713,Lonicera_japonica
2714,Lophatherum_gracile
2715,Loxogramme_acroscopa
2716,Loxogramme_chinensis
2717,Loxogramme_lankokiensis
2718,Loxostigma_griffithii
2719,Ludwigia_adscendens
2720,Ludwigia_hyssopifolia
2721,Ludwigia_perennis
2722,Luffa_cylindrica
2723,Luisia_brachystachys
2724,Luisia_filiformis
2725,Luisia_morsei
2726,Luisia_psyche
2727,Luisia_trichorhiza
2728,Lumitzera_littorea
2729,Luzula_effusa
2730,Lycianthes_bigeminata
2731,Lycianthes_laevis
2732,Lycianthes_lysimachioides
2733,Lycianthes_neesiana
2734,Lycium_cochinchinense
2735,Lycopersicon_esculentum
2736,Lycopodium_casuarinoides
2737,Lycopodium_complanatum
2738,Lycoris_radiata
2739,Lygodium_auriculatus
2740,Lygodium_digitatum
2741,Lygodium_japonicum
2742,Lygodium_salicifolium
2743,Lygodium_subareolatum
2744,Lyonia_doyonensis
2745,Lyonia_villosa
2746,Lysimachia_chapaensis
2747,Lysimachia_clethroides
2748,Lysimachia_decurrens
2749,Lysimachia_fortunei
2750,Lysimachia_laxa
2751,Lysimachia_peduncularis
2752,Lysimachia_siamensis
2753,Lysimachia_vittiformis
2754,Lysionotus_pauciflorus
2755,Lysionotus_serratus
2756,Macaranga_denticulata
2757,Macaranga_indica
2758,Macaranga_microcarpa
2759,Macaranga_tanarius
2760,Machaerina_falcata
2761,Machaerina_maingayi
2762,Machilus_chinensis
2763,Machilus_grandibrecteata
2764,Machilus_ichangensis
2765,Machilus_leptophylla
2766,Machilus_oreophila
2767,Machilus_platycarpa
2768,Machilus_salicina
2769,Machilus_velutina
2770,Maclura_fruticosa
2771,Maclurochloa_locbacensis
2772,Macropanax_decandrus
2773,Macropanax_membranifolius
2774,Macropanax_schmidii
2775,Macropanax_simplicifolius
2776,Macropanax_undulatus
2777,Macroptilium_atropurpureum
2778,Macrosolen_avenis
2779,Macrosolen_bidoupensis
2780,Madhuca_alpina
2781,Madhuca_cochinchinensis
2782,Madhuca_firma
2783,Madhuca_hainanensis
2784,Madhuca_pierrei
2785,Maesa_acuminatissima
2786,Maesa_indica
2787,Maesa_montana
2788,Maesa_perlarius
2789,Magnolia_albosericea
2790,Magnolia_bidoupensis
2791,Magnolia_coco
2792,Magnolia_dandyi
2793,Magnolia_fistulosa
2794,Magnolia_tiepii
2795,Mahonia_leptodonta
2796,Malleola_luongii
2797,Malleola_sylvestris
2798,Mallotus_apelta
2799,Mallotus_canii
2800,Mallotus_chuyenii
2801,Mallotus_eberhardtii
2802,Mallotus_floribundus
2803,Mallotus_hanheoensis
2804,Mallotus_kurzii
2805,Mallotus_metcalfianus
2806,Mallotus_mollissimus
2807,Mallotus_oblongifolius
2808,Mallotus_pallidus
2809,Mallotus_peltatus
2810,Mallotus_phongnhaensis
2811,Mallotus_poilanei
2812,Mallotus_resinosus
2813,Mallotus_ustulatus
2814,Malpighia_coccigera
2815,Malvastrum_coromandelianum
2816,Mangifera_dongnaiensis
2817,Mangifera_flava
2818,Mangifera_indica
2819,Mangifera_minutifolia
2820,Mangifera_reba
2821,Manglietia_crassifolia
2822,Manglietia_hainanensis
2823,Manglietia_rufibarbata
2824,Manihot_esculenta
2825,Manilkara_hexandra
2826,Manilkara_zapota
2827,Mapania_kurzii
2828,Mapania_macrocephala
2829,Mapania_palustris
2830,Maranta_arundinacea
2831,Markhamia_stipulata
2832,Markhamia_stipulata_var._kerrii
2833,Marsdenia_glabra
2834,Marsdenia_tinctoria
2835,Marsilea_quadrifolia
2836,Matricaria_chamomilla
2837,Mecopus_nidulans
2838,Medicago_sativa
2839,Medinilla_assamica
2840,Medinilla_petelotii
2841,Meiogyne_hainanensis
2842,Meiogyne_subsessilis
2843,Meistera_caudata
2844,Melaleuca_leucadendron
2845,Melanolepis_multiglandulosa
2846,Melastoma_candidum
2847,Melastoma_normale
2848,Melastoma_saigonense
2849,Melastoma_setigerum
2850,Melientha_suavis
2851,Melinis_minutiflora
2852,Melissa_axillaris
2853,Melocalamus_compactiflorus
2854,Melocalamus_kbangensis
2855,Melocalamus_truongsonensis
2856,Melochia_corchorifolia
2857,Melochia_umbellata
2858,Melodinus_brachyphyllus
2859,Melodinus_erianthus
2860,Melodinus_honbaensis
2861,Melodinus_tonkinensis
2862,Melodorum_fruticosum
2863,Memecylon_angustifolium
2864,Memecylon_fruticosum
2865,Memecylon_lilacinum
2866,Mentha_aquatica
2867,Mentha_rotundifolia
2868,Mentha_x_piperita
2869,Merremia_aegyptia
2870,Merremia_boisiana
2871,Merremia_gemella
2872,Merremia_hirta
2873,Merremia_quinata
2874,Merremia_tuberosa
2875,Merremia_vitifolia
2876,Metathelipteris_flacida
2877,Metathelypteris_singalanense
2878,Michelia_alba
2879,Michelia_champaca
2880,Michelia_figo
2881,Michelia_fulva
2882,Michelia_odorum
2883,Microcarpaea_minima
2884,Microcos_paniculata
2885,Microdesmis_caseariaefolia
2886,Microlepia_ravenii
2887,Micropera_poilanei
2888,Microsaccus_griffithii
2889,Microsorum_fortunei
2890,Microsorum_piliferum
2891,Microsorum_steerei
2892,Microstegium_ciliatum
2893,Microstegium_faurieri
2894,Microstegium_nudum
2895,Microstegium_vimineum
2896,Microtropis_pallens
2897,Miliusa_astiana
2898,Miliusa_balansae
2899,Miliusa_campanulata
2900,Millettia_acutiflora
2901,Millettia_diptera
2902,Millettia_erythrocalyx
2903,Millettia_ichthyochtona
2904,Millettia_leptobotrya
2905,Millettia_nigrescens
2906,Millettia_pachycarpa
2907,Millettia_penduliformis
2908,Millettia_piscidia
2909,Millettia_principis
2910,Millettia_pulchra
2911,Millettia_sericea
2912,Millettia_spireana
2913,Millingtonia_hortensis
2914,Mimosa_pigra
2915,Miscanthus_floridulus
2916,Miscanthus_sinensis
2917,Mischobulbum_macranthum
2918,Mischocarpus_oppositifolius
2919,Mischocarpus_sundaicus
2920,Mitrasacme_indica
2921,Mitrella_touranensis
2922,Mitreola_reticulate
2923,Mitrephora_maingayi
2924,Mitrephora_thorelii
2925,Mnesithea_laevis
2926,Mollugo_pentaphylla
2927,Momordica_charantia
2928,Momordica_subangulata
2929,Monochoria_cyanea
2930,Monochoria_hastata
2931,Monochoria_ovata
2932,Monomeria_barbata
2933,Monotropastrum_humile
2934,Montanoa_bipinnatifida
2935,Morus_alba
2936,Morus_macroura
2937,Mosla_cavaleriei
2938,Mosla_dianthera
2939,Mosla_tamdaoensisi
2940,Mucuna_gigantea
2941,Mucuna_interrupta
2942,Mucuna_pruriens
2943,Muehlenbeckia_platyclada
2944,Muntingia_calabura
2945,Murdannia_bracteata
2946,Murdannia_edulis
2947,Murdannia_japonica
2948,Murdannia_medica
2949,Murdannia_simplex
2950,Murdannia_spirata
2951,Murdannia_vaginata
2952,Musa_coccinea
2953,Musa_itinerans
2954,Musa_ornata
2955,Myosoton_aquaticum
2956,Myriactis_nepalensis
2957,Myriactis_wightii
2958,Myrica_esculenta
2959,Myriopteron_extensum
2960,Myristica_iners
2961,Myrmecodia_tuberosa
2962,Myrsine_linearis
2963,Myrsine_semiserrata
2964,Mytilaria_laosensis
2965,Nageia_fleuryi
2966,Nageia_wallichiana
2967,Najas_malesiana
2968,Nannoglottis_latisquama
2969,Narcissus_tazetta
2970,Neanotis_wightiana
2971,Nelsonia_canencens
2972,Neoalsomitra_integrifoliola
2973,Neocheiropteris_ensata
2974,Neocheiropteris_superficialis
2975,Neocinnamomum_caudatum
2976,Neocinnamomum_delavayi
2977,Neodistemon_indicum
2978,Neolitsea_alongensis
2979,Neolitsea_aurata
2980,Neolitsea_cambodiana
2981,Neolitsea_confertifolia
2982,Neolitsea_oblongifolia
2983,Neolitsea_polycarpa
2984,Neolitsea_tomentosa
2985,Neolitsea_zeylanica
2986,Nepenthes_annamensis
2987,Nephelaphyllum_pulchrum
2988,Nephelaphyllum_thaovyae
2989,Nephelium_hypoleucum
2990,Nephrolepis_cordifolia
2991,Nephrolepis_falcata
2992,Nephrolepis_radicans
2993,Nervilia_aragoana
2994,Nervilia_fordii
2995,Neuwiedia_annamensis
2996,Neuwiedia_inae
2997,Newmania_gracilis
2998,Newmania_serpens
2999,Neyraudia_arundinaceus
3000,Nicotiana_tabacum
3001,Nolina_longifolia
3003,Nosema_cochinchinensis
3004,Nothaphoebe_condensate
3005,Nothaphoebe_umbelliflora
3006,Nymphaea_nouchali
3007,Nymphaea_tetragone
3008,Nypa_fructicans
3009,Oberonia_acarus
3010,Oberonia_anthropophora
3011,Oberonia_cavaleriei
3012,Oberonia_dolichocaulis
3013,Oberonia_ensiformis
3014,Oberonia_falcata
3015,Oberonia_gammiei
3016,Oberonia_kwangsiensis
3017,Oberonia_longibracteata
3018,Oberonia_mucronata
3019,Oberonia_pachyphylla
3020,Oberonia_rasmussenii
3021,Oberonia_rufilabris
3022,Oberonia_trichophora
3023,Oberonia_variabilis
3024,Ochna_integerrima
3025,Ochroma_grandiflorum
3026,Ocimum_americanum
3027,Ocimum_gratissimum
3028,Odontadenia_macrantha
3029,Odontochilus_saprophyticus
3030,Oenanthe_linearis
3031,Olax_evrardii
3032,Olax_nana
3033,Olax_psittacorum
3034,Olea_europaea
3035,Olea_macrophylla
3036,Olea_rosea
3037,Oncosperma_tigillarium
3038,Onychium_siliculosum
3039,Ophiopogon_alatus
3040,Ophiopogon_caulescens
3041,Ophiopogon_draecaenoides
3042,Ophiopogon_hayatae
3043,Ophiopogon_intermedus
3044,Ophiopogon_latifolius
3045,Ophiopogon_marmoratus
3046,Ophiopogon_regnieri
3047,Ophiopogon_stenophyllus
3048,Ophiopogon_tonkinensis
3049,Ophrestia_pinnata
3050,Oplismenus_burmanii
3051,Oplismenus_undulatifolia
3052,Opuntia_monacantha
3053,Orchidantha_vietnamica
3054,Oreocharis_caobangensis
3055,Oreocnide_integrifolia
3056,Oreocnide_rubescens
3057,Oreogrammitis_parvula
3058,Ormocarpum_cochinchinensis
3059,Ormosia_fordiana
3060,Ormosia_inflata
3061,Ormosia_merrilliana
3062,Ormosia_pinnata
3063,Ormosia_semicastrata
3064,Ormosia_sumatrana
3065,Ormosia_tsangii
3066,Oropetium_thomaeum
3067,Orophea_harmandiana
3068,Orophea_mollis
3069,Orophea_polycarpa
3070,Orophea_tonkinensis
3071,Orthosiphon_aristatus
3072,Orthosiphon_rubicundus
3073,Orthosiphon_thymiflorus
3074,Oryza_minuta
3075,Oryza_rufipogon
3076,Osbeckia_chinensis
3077,Osmanthus_fragrans
3078,Osmunda_cinnamomea
3079,Osmunda_vachellii
3080,Ostodes_paniculata
3081,Osyricera_spadiciflorum
3082,Otochilus_fuscus
3083,Otochilus_pseudoporrectus
3084,Ottelia_balansae
3085,Oxalis_acetosella
3086,Oxalis_corymbosa
3087,Oxyspora_paniculata
3088,Pachira_insignis
3089,Pachyptera_(DC.)
3090,Pachystoma_pubescens
3091,Paeonia_lactiflora
3092,Palaquium_annamensis
3093,Palaquium_obovatum
3094,Palaquium_ridleyi
3095,Panax_vietnamensis
3096,Pandanus_affinis
3097,Pandanus_bipollicaris
3098,Pandanus_ceratostigma
3099,Pandanus_fibrosus
3100,Pandanus_horizontalis
3101,Pandanus_kaida
3102,Pandanus_nanofrutex
3103,Pandanus_tectorius
3104,Pandanus_urophyllus
3105,Panicum_amoenum
3106,Panicum_atrosanguineum
3107,Panicum_bisulcatum
3108,Panicum_curviflorum
3109,Panicum_luzonense
3110,Panicum_miliaceum
3111,Panicum_paludosum
3112,Panicum_sarmentosum
3113,Panicum_sumatrense
3114,Panicum_trichoides
3115,Panisea_albiflora
3116,Panisea_tricallosa
3117,Pantadenia_adenanthera
3118,Papaver_rhoeas
3119,Paphiopedilum_appletonianum
3120,Paphiopedilum_delenatii
3121,Paphiopedilum_emersonii
3122,Paphiopedilum_gratrixianum
3123,Paphiopedilum_helenae
3124,Paphiopedilum_herrmannii
3125,Paphiopedilum_malipoense
3126,Paphiopedilum_micranthum
3127,Paphiopedilum_tranlienianum
3128,Paphiopedilum_villosum
3129,Papilionanthe_pedunculata
3130,Parabaena_sagitta
3131,Parabarium_micranthum
3132,Paraboea_dictioneura
3133,Paraboea_multiflora
3134,Paraboea_rufescens
3135,Paraboea_swinhoii
3136,Paragramma_banaensis
3137,Paralamium_gracile
3138,Paramichelia_baillonii
3139,Paranephelium_xestophyllum
3140,Paraphlomis_foliata
3141,Paraphlomis_javanica
3142,Paraphlomis_paucisetosa
3143,Parashorea_stellata
3144,Paris_chinensis
3145,Paris_fargesii
3146,Paris_polyphylla
3147,Parkinsonia_aculeata
3148,Parsonsia_alboflavescens
3149,Paspalum_conjugatum
3150,Paspalum_distichum
3151,Paspalum_notatum
3152,Paspalum_urvillei
3153,Passiflora_caerulea
3154,Passiflora_eberhardtii
3155,Passiflora_foetida
3156,Passiflora_laurifolia
3157,Passiflora_siamica
3158,Passiflora_sumatrana
3159,Patrinia_villosa
3160,Paulownia_fargesii
3161,Pecteilis_henryi
3162,Pedilanthus_tithymaloides
3163,Pelargonium_zonale
3164,Pelatantheria_eakroensis
3165,Pelatantheria_rivesii
3166,Peliosanthes_argenteostriata
3167,Peliosanthes_grandiflora
3168,Peliosanthes_humilis
3169,Peliosanthes_kenhilloides
3170,Peliosanthes_nivea
3171,Peliosanthes_retroflexa
3172,Peliosanthes_teta
3173,Pellacalyx_yunnanensis
3174,Pellionia_heteroloba
3175,Pellionia_repens
3176,Pellionia_scabra
3177,Peltophorum_dasyrrachis
3178,Pemphis_acidula
3179,Pennisetum_alopecuroides
3180,Pennisetum_clandestinum
3181,Pennisetum_pedicellatum
3182,Pennisetum_purpureum
3183,Pentanema_indicum
3184,Pentapetes_phoenicea
3185,Pentaphragma_honbaense
3186,Pentaphylax_euryoides
3187,Peperomia_tetraphylla
3188,Pereskia_aculeata
3189,Pereskia_grandifolia
3190,Perilla_frutescens
3191,Peristrophe_bivalvis
3192,Peristylus_aristatus
3193,Peristylus_constrictus
3194,Peristylus_goodyeroides
3195,Peristylus_holttumianus
3196,Peristylus_prainii
3197,Perotis_rara
3198,Persea_parvifolia
3199,Petrea_volubilis
3200,Petrosavia_sakuraii
3201,Petroselinum_crispum
3202,Phacellaria_compressa
3203,Phacellaria_tonkinensis
3204,Phaius_indochinensis
3205,Phaius_mishmensis
3206,Phaius_tonkinensis
3207,Phalaenopsis_chibae
3208,Phalaenopsis_gibbosa
3209,Phalaenopsis_mannii
3210,Phalaenopsis_petelotii
3211,Phalaenopsis_wilsonii
3212,Phalaris_canariensis
3213,Pharbitis_indica
3214,Phaseolus_coccineus
3215,Phaseolus_vulgaris
3216,Philodendron_scandens
3217,Phlox_drummondii
3218,Phoebe_attenuate
3219,Phoebe_hungmaoensis
3220,Phoebe_lanceolata
3221,Phoebe_tavoyana
3222,Phoebe_yaiensis
3223,Phoenix_loureiri
3224,Phoenix_reclinata
3225,Pholidota_articulata
3226,Pholidota_convallariae
3227,Pholidota_imbricata
3228,Pholidota_missionariorum
3229,Pholidota_pyrranthela
3230,Pholidota_roseans
3231,Pholidota_ventricosa
3232,Phragmites_australis
3233,Phragmites_maximus
3234,Phreatia_formosana
3235,Phreatia_plantaginifolia
3236,Phrynium_parviflorum
3237,Phrynium_pubinerve
3238,Phyla_nodiflora
3239,Phyllagathis_phamhoangii
3240,Phyllagathis_scorpiothyrsioides
3241,Phyllanthus_amarus
3242,Phyllanthus_anthopotamicus
3243,Phyllanthus_balansae
3244,Phyllanthus_binhii
3245,Phyllanthus_chamaepeuce
3246,Phyllanthus_collinsae
3247,Phyllanthus_debilis
3248,Phyllanthus_dongmoensis
3249,Phyllanthus_emblica
3250,Phyllanthus_insulensis
3251,Phyllanthus_lativenius
3252,Phyllanthus_nhatrangensis
3253,Phyllanthus_petelotii
3254,Phyllanthus_pireyi
3255,Phyllanthus_pulcher
3256,Phyllanthus_reticulatus
3257,Phyllanthus_ruber
3258,Phyllanthus_rubicundus
3259,Phyllanthus_songboiensis
3260,Phyllanthus_thaii
3261,Phyllanthus_trungii
3262,Phyllanthus_urinaria
3263,Phyllanthus_welwitschianus
3264,Phyllodium_elegans
3265,Phyllodium_longipes
3266,Phyllodium_vestitum
3267,Phyllostachys_bambusoides
3268,Phyllostachys_nigra
3269,Phyllostachys_pubescens
3270,Phymatosorus_lucidus
3271,Phymatosorus_scolopendria
3272,Physalis_angulata
3273,Physalis_peruviana
3274,Picrasma_quassioides
3275,Picris_hieracioides
3276,Pieris_formosa
3277,Pilea_cadieri
3278,Pilea_hookeriana
3279,Pilea_melastomatoides
3280,Pilea_notata
3281,Pilea_peploides
3282,Pilea_pumila
3283,Pileostegia_viburnoides
3284,Pimpinella_diversifolia
3285,Pinanga_baviensis
3286,Pinanga_paradoxa
3287,Pinanga_sylvestris
3288,Pinus_caribaea
3289,Pinus_dalatensis
3290,Pinus_krempfii
3291,Pinus_massoniana
3292,Pinus_tabuliformis
3293,Piper_baccatum
3294,Piper_boehmeriaefolium
3295,Piper_brevicaule
3296,Piper_cubeba
3297,Piper_hainanense
3298,Piper_hymenophyllum
3299,Piper_longum
3300,Piper_montium
3301,Piper_nigrum
3302,Piper_retrofractum
3303,Piper_sarmentosum
3304,Pistacia_weinmannifolia
3305,Pittosporum_balansae
3306,Pittosporum_floribundum
3307,Pittosporum_glabratum
3308,Pittosporum_podocarpum
3309,Pityrograma_calomelanos
3310,Plagiogyria_adnata
3311,Planchonella_annamensis
3312,Planchonella_obovata
3313,Plantago_asiatica
3314,Platanthera_angustata
3315,Platanus_kerrii
3316,Platycarya_strobilacea
3317,Platycerium_holttumii
3318,Plectocomia_elongata
3319,Plectocomia_microstachys
3320,Plectocomiopsis_geminiflora
3321,Pleione_bulbocodioides
3322,Pluchea_eupatorioides
3323,Pluchea_indica
3324,Pluchea_pteropoda
3325,Plumbago_indica
3326,Plumeria_acuminata
3327,Plumeria_rubra
3328,Poa_annua
3329,Podocarpus_macrophyllus
3330,Podochilus_banaensis
3331,Podochilus_khasianus
3332,Podochilus_rotundipetala
3333,Pogonatherum_crinitum
3334,Pogostemon_auricularia
3335,Pogostemon_cruciatus
3336,Pogostemon_globulosum
3337,Pogostemon_menthoides
3338,Pogostemon_nelsonii
3339,Pogostemon_parviflorus
3340,Pogostemon_purpurascens
3341,Pogostemon_stellatus
3342,Poicilospermum_suaveolens
3343,Poikilospermum_suaveolens
3344,Polianthes_tuberosa
3345,Pollia_japonica
3346,Pollia_thyrsiflora
3347,Polyalthia_angustissima
3348,Polyalthia_bracteosa
3349,Polyalthia_corticosa
3350,Polyalthia_evecta
3351,Polyalthia_harmandii
3352,Polyalthia_jenkinsii
3353,Polyalthia_lauii
3354,Polyalthia_modesta
3355,Polyalthia_praeflorens
3356,Polyalthia_simiarum
3357,Polyalthia_thorelii
3358,Polycarpaea_arenaria
3359,Polycarpae_gaudichaudii
3360,Polygala_arillata
3361,Polygala_crotalarioides
3362,Polygala_glomerata
3363,Polygala_karensium
3364,Polygala_linarifolia
3365,Polygala_persicariaefolia
3366,Polygala_saxicola
3367,Polygala_tatarinowii
3368,Polygonatum_multiflorum
3369,Polygonatum_punctatum
3370,Polygonum_barbatum
3371,Polygonum_capitatum
3372,Polygonum_dissitiflorum
3373,Polygonum_glabrum
3374,Polygonum_macrathum
3375,Polygonum_minus
3376,Polygonum_odoratum
3377,Polygonum_palmatum
3378,Polygonum_perfoliatum
3379,Polygonum_plebejum
3380,Polygonum_pubescens
3381,Polygonum_senticosum
3382,Polygonum_thunbergii
3383,Polygonum_tomentosum
3384,Polyosma_annamensis
3385,Polyosma_dolichocarpa
3386,Polyosma_integrifolia
3387,Polyosma_nhatrangensis
3388,Polypodium_fasciatum
3389,Polyscias_balfouriana
3390,Polyscias_fruticosa
3391,Polyscias_guilfoylei
3392,Polyscias_scutellaria
3393,Polyspora_microphylla
3394,Polystichum_auriculum
3395,Polystichum_excellens
3396,Polystichum_hagiangense
3397,Polystichum_minimum
3398,Polystichum_nepalense
3399,Polystichum_subacutidens
3400,Polytoca_digitata
3401,Polytrias_indica
3402,Pomatocalpa_tonkinense
3403,Pongamia_pinnata
3404,Popowia_cambodica
3405,Popowia_pisocarpa
3406,Porpax_elwesii
3407,Portulaca_grandiflora
3408,Portulaca_pilosa
3409,Potameia_chinensis
3410,Potamogeton_crispus
3411,Potamogeton_octandrus
3412,Pothos_dzui
3413,Pothos_grandis
3414,Pothos_lancifolius
3415,Pothos_repens
3416,Pothos_touranensis
3417,Pottsia_grandiflora
3418,Pouteria_sapota
3419,Pouzolzia_elegans
3420,Pouzolzia_zeylanica
3421,Pratica_montana
3422,Premna_balansae
3423,Premna_cambodiana
3424,Premna_cordifolia
3425,Premna_crassa
3426,Premna_herbacea
3427,Premna_latifolia
3428,Premna_macrophylla
3429,Premna_microphylla
3430,Premna_puberula
3431,Premna_racemosa
3432,Premna_stenobotrys
3433,Primula_henryi
3434,Primulina_cycnostyla
3435,Pronephrium_cuspidatum
3436,Pronephrium_megacuspe
3437,Pronephrium_parishii
3438,Pronephrium_simplex
3439,Prosaptia_urceolare
3440,Prunella_vulgaris
3441,Pseudechinolaena_polystachya
3442,Pseuderanthemum_bracteatum
3443,Pseuderanthemum_crenulatum
3444,Pseudodracontium_harmandii
3445,Pseudodracontium_lacourii
3446,Pseudodracontium_macrophyllum
3447,Pseudoraphis_balansae
3448,Pseudosasa_humilis
3449,Pseudosorghum_zollingeri
3450,Pseudoxytenanthera_hayatae
3451,Pseudoxytenanthera_monadelpha
3452,Pseudoxytenanthera_parvifolia
3453,Pseudoxytenanthera_sinuata
3454,Pseudoxytenanthera_tenuispiculata
3455,Pseuduvaria_parviflora
3456,Psilotrichum_ferrugineum
3457,Psophocarpus_scandens
3458,Pteris_biaurita
3459,Pteris_cadieri
3460,Pteris_decrescens
3461,Pteris_ensiformis
3462,Pteris_fauriei
3463,Pteris_grevilleana
3464,Pteris_heteromorpha
3465,Pteris_khasyana
3466,Pteris_linearis
3467,Pteris_multifida
3468,Pteris_plumbea
3469,Pteris_semipinnata
3470,Pteris_venusta
3471,Pteris_wallichiana
3472,Pterocarpus_indicus
3473,Pterocaulon_redolens
3474,Pteroceras_simondianum
3475,Pterocera_pallidum
3476,Pterolobium_integrum
3477,Pterolobium_microphyllum
3478,Pterospermum_angustifolium
3479,Pterospermum_diversifolium
3480,Pterospermum_truncatolobatum
3481,Pterygocalyx_volubilis
3482,Ptychosperma_macarthuri
3483,Pueraria_montana
3484,Pueraria_phaseoloides
3485,Punica_granatum
3486,Pycnospora_lutescens
3487,Pycreus_polystachyus
3488,Pycreus_sanguinolentus
3489,Pycreus_sulcinux
3490,Pyrenacantha_volubilis
3491,Pyrethrum_cineraciifolium
3492,Pyrostegia_venusta
3493,Pyrrosia_costata
3494,Pyrrosia_lanceolata
3495,Pyrrosia_longifolia
3496,Pyrrosia_nuda
3497,Pyrrosia_oblonga
3498,Pyrrosia_piloselloides
3499,Pyrrosia_sheareri
3500,Pyrrosia_subfurfurascea
3501,Pyrularia_edulis
3502,Quassia_amara
3503,Quercus_acutissima
3504,Quercus_asymmetrica
3505,Quercus_auricoma
3506,Quercus_bambusifolia
3507,Quercus_blakei
3508,Quercus_chapaensis
3509,Quercus_chrysocalyx
3510,Quercus_edithae
3511,Quercus_glauca
3512,Quercus_griffithii
3513,Quercus_incana
3514,Quercus_langbianensis
3515,Quercus_oxyodon
3516,Quercus_petelotii
3517,Quercus_poilanei
3518,Quercus_rupestris
3519,Quercus_variabilis
3520,Quisqualis_conferta
3521,Radermachera_boniana
3522,Radermachera_hainanensis
3523,Radermachera_inflata
3524,Radermachera_yunnanensis
3525,Radiogrammitis_beddomeana
3526,Raphistemma_pulchellum
3527,Rauvolfia_chaudocensis
3528,Rauvolfia_micrantha
3529,Rauvolfia_sumatrana
3530,Rauvolfia_verticillata
3531,Rauvolfia_vomitoria
3532,Reevesia_orbiculare
3533,Reevesia_thyroidea
3534,Rehderodendron_indochinense
3535,Rehderodendron_macrocarpum
3536,Rehmannia_glutinosa
3537,Remusatia_pumila
3538,Renanthera_annamensis
3539,Renanthera_coccinea
3540,Rhaphidophora_bonii
3541,Rhaphidophora_crassicaulis
3542,Rhaphidophora_glauca
3543,Rhaphidophora_hookeri
3544,Rhaphidophora_megaphylla
3545,Rhapis_cochinchinensis
3546,Rhapis_excelsa
3547,Rhapis_humilis
3548,Rhapis_micrantha
3549,Rheum_palmatum
3550,Rhinacanthus_nasutus
3551,Rhododendron_arboreum
3552,Rhododendron_hainanense
3553,Rhododendron_klossii
3554,Rhododendron_microphyton
3555,Rhododendron_mucronatum
3556,Rhododendron_nuttalii
3557,Rhododendron_simsii
3558,Rhododendron_vialii
3559,Rhodoleia_championii
3560,Rhoiptelea_chiliantha
3561,Rhopalephora_scaberrina
3562,Rhus_chinensis
3563,Rhynchelytrum_repens
3564,Rhynchosia_acuminatissima
3565,Rhynchosia_nummularia
3566,Rhynchospermum_verticillatum
3567,Rhynchospora_corymbosa
3568,Rhynchospora_heterochaeta
3569,Rhynchospora_longisetis
3570,Rhynchospora_rugosa
3571,Rhynchospora_triflora
3572,Rhynchostylis_gigantea
3573,Rhynchotechum_ellipticum
3574,Ricinus_communis
3575,Rinorea_bengalensis
3576,Rinorea_javanica
3577,Rinorea_macrophylla
3578,Rinorea_virgata
3579,Robiquetia_spathula
3580,Rohdea_wattii
3581,Rorippa_cantoniensis
3582,Rorippa_globosa
3583,Rorippa_nasturtium-aquaticum
3584,Rothmannia_vietnamensis
3585,Rourea_harmandiana
3586,Rourea_minor
3587,Roureopsis_acutipetala
3588,Roureopsis_stenopetala
3589,Rubia_tinctorum
3590,Ruellia_macrosiphon
3591,Ruellia_repens
3592,Rumex_acetocella
3593,Rumex_dentatus
3594,Rumex_maritimus
3595,Rumex_wallichii
3596,Rungia_chinensis
3597,Russelia_equisetiformis
3598,Sabal_princeps
3599,Saccharum_officinarum
3600,Sacciolepis_indica
3601,Sacciolepis_myosuroides
3602,Sacrosperma_affine
3603,Sacrosperma_kontumense
3604,Sagina_saginoides
3605,Sagittaria_guyanensis
3606,Salacca_wallichiana
3607,Salix_babylonica
3608,Salix_dunnii
3609,Salix_thorelii
3610,Salomonia_cantonensis
3611,Salvia_coccinea
3612,Salvia_farinacea
3613,Salvia_plebeian
3614,Salvia_sonchifolia
3615,Sambucus_simpsonii
3616,Sanchezia_nobilis
3617,Sanicula_elata
3618,Sansevieria_cannaliculata
3619,Sansevieria_hyacinthoides
3620,Santalum_album
3621,Sapindus_chrysotrichus
3622,Sapindus_rarak
3623,Sapindus_sonlaensis
3624,Sapium_cochinchinensis
3625,Sapium_insigne
3626,Saraca_declinata
3627,Saraca_indica
3628,Sarcaudra_glabra
3629,Sarcosperma_laurinum
3630,Sargentodoxa_cuneata
3631,Saurauia_griffithii
3632,Saurauia_tristyla
3633,Sauropus_assimilis
3634,Sauropus_bonii
3635,Sauropus_garrettii
3636,Sauropus_heteroblastus
3637,Sauropus_kitanovii
3638,Sauropus_maichauensis
3639,Sauropus_pierrei
3640,Sauropus_quadrangularis
3641,Sauropus_retroversus
3642,Sauropus_spatulaefolius
3643,Sauropus_tiepii
3644,Saururus_chinensis
3645,Saussurea_amurensis
3646,Saussurea_peguensis
3647,Saussurea_yunnanensis
3648,Saxifraga_stolonifera
3649,Scaevola_taccada
3650,Schefflera_alongensis
3651,Schefflera_bodinieri
3652,Schefflera_buxifolioides
3653,Schefflera_chapana
3654,Schefflera_corymbiformis
3655,Schefflera_delavayi
3656,Schefflera_elliptica
3657,Schefflera_farinosa
3658,Schefflera_globulifera
3659,Schefflera_hainanensis
3660,Schefflera_heterophylla
3661,Schefflera_hypoleuca
3662,Schefflera_khasiana
3663,Schefflera_kornasii
3664,Schefflera_lenticellata
3665,Schefflera_leucantha
3666,Schefflera_lucescens
3667,Schefflera_metcalfiana
3668,Schefflera_myriocarpa
3669,Schefflera_pacoensis
3670,Schefflera_pauciflora
3671,Schefflera_petelotii
3672,Schefflera_trevesiodes
3673,Schefflera_trungii
3674,Schefflera_venulosa
3675,Schefflera_violea
3676,Schima_wallichii
3677,Schinus_terebinthifolius
3678,Schismatoglottis_calyptrata
3679,Schizachyrium_brevifolium
3680,Schizandra_chinensis
3681,Schizandra_propinqua
3682,Schizostachyum_aciculare
3683,Schizostachyum_brachycladum
3684,Schizostachyum_langbianense
3685,Schizostachyum_ninhthuanense
3686,Schizostachyum_pseudolima
3687,Schizostachyum_zollingeri
3688,Schleichera_oleosa
3689,Schoenorchis_fragrans
3690,Schoenorchis_hangianae
3691,Schoenorchis_tixieri
3692,Schoenus_calostachyus
3693,Schoenus_maschalinus
3694,Sciaphila_nana
3695,Scindapsus_officinalis
3696,Scirpus_fluitans
3697,Scirpus_grossus
3698,Scirpus_kimsonensis
3699,Scirpus_mattfeldianus
3700,Scirpus_petelotii
3701,Scirpus_siamensis
3702,Scirpus_ternatanus
3703,Scirpus_wichurai
3704,Scleria_benthamii
3705,Scleria_boniana
3706,Scleroglossum_pusillum
3707,Scleroglossum_sulcatum_(Kuhn)
3708,Scolophyllum_ilicifolium
3709,Scolopia_chinensis
3710,Scolopia_saeva
3711,Scoparia_dulcis
3712,Scrophularia_ningpoensis
3713,Scutellaria_barbata
3714,Scutellaria_delavayi
3715,Scutellaria_glandulosa
3716,Scutellaria_javanica
3717,Scutellaria_sessilifolia
3718,Scutellaria_violacea
3719,Sebastiania_chamaelea
3720,Secamone_elliptica
3721,Sechium_edule
3722,Sedum_lineare
3723,Sehima_nervosa
3724,Selaginella_boninensis
3725,Selaginella_delicatula
3726,Selaginella_frondosa
3727,Selaginella_involvens
3728,Selaginella_monospora
3729,Selaginella_pseudopaleifera
3730,Selaginella_rolandi-principis
3731,Selaginella_trachiphylla
3732,Selaginella_wallichii
3733,Selliguea_lateritia
3734,Semiliquidambar_cathayensis
3735,Senecio_chrysanthemoides
3736,Senecio_erythropappus
3737,Senecio_hoi
3738,Senecio_nagensium
3739,Senecio_oldhamianus
3740,Senecio_saluenensis
3741,Senecio_spelaeicolus
3742,Senecio_walkeri
3743,Senna_bicapsularis
3744,Senna_garrettiana
3745,Senna_multijuga
3746,Senna_siamea
3747,Senna_splendida
3748,Senna_surattensis
3749,Senna_tora
3750,Sesbania_cannabina
3751,Sesbania_paludosa
3752,Sesuvium_portulacastrum
3753,Setaria_glauca
3754,Setaria_palmifolia
3755,Setaria_verticillata
3756,Shorea_falcata
3757,Shorea_henryana
3758,Shorea_obtusa
3759,Shorea_siamensis
3760,Shortia_sinensis
3761,Shuteria_hirsuta
3762,Shuteria_suffulta
3763,Sida_cordata
3764,Sida_mysorensia
3765,Sida_rhombifolia
3766,Siegesbeckia_glabrescens
3767,Siegesbeckia_orientalis
3768,Siliquamomum_phamhoangii
3769,Silybum_marianum
3770,Sindora_laotica
3771,Sindora_tonkinensis
3772,Sinobambusa_sat
3773,Sinobambusa_tootsik
3774,Sinocalamus_maiensis
3775,Sinocalamus_nudus
3776,Sinocalamus_sang
3777,Sinocrassula_vietnamensis
3778,Sinosideroxylon_wightianum
3779,Siphonodon_celastrineus
3780,Sloanea_chingiana
3781,Sloanea_kerrii
3782,Sloanea_tomentosa
3783,Smilax_aberrans
3784,Smilax_bauhinioides
3785,Smilax_cambodiana
3786,Smilax_china
3787,Smilax_elegantissima
3788,Smilax_gagnepainii
3789,Smilax_lanceifolia
3790,Smilax_megacarpa
3791,Smilax_ovalifolia
3792,Smilax_petelotii
3793,Smilax_pottingeri
3794,Smilax_riparia
3795,Smilax_verticalis
3796,Smithia_ciliata
3797,Smithia_finetii
3798,Smitinandia_micrantha
3799,Solanum_capsicoides
3800,Solanum_deflexicarpum
3801,Solanum_dulcamara
3802,Solanum_ferox
3803,Solanum_lasiocarpum
3804,Solanum_mammosum
3805,Solanum_melongena
3806,Solanum_procumbens
3807,Solanum_robinsonii
3808,Solanum_seaforthianum
3809,Solanum_thorelii
3810,Solanum_torvum
3811,Solanum_tuberosum
3812,Solanum_violaceum
3813,Solidago_missouriensis
3814,Soliva_anthemifolia
3815,Sonchus_oleraceus
3816,Stahlianthus_thorelii
3817,Stauntonia_cavalerieana
3818,Stauntonia_obovata
3819,Staurochilus_fasciatus
3820,Staurogyne_balansae
3821,Staurogyne_brachystachya
3822,Staurogyne_chapaensis
3823,Staurogyne_diandra
3824,Staurogyne_lanceolata
3825,Staurogyne_malaccensis
3826,Staurogyne_neesii
3827,Staurogyne_scandens
3828,Staurogyne_simonsii
3829,Staurogyne_tenera
3830,Staurogyne_vicina
3831,Stellaria_monosperma
3832,Stemodia_verticillata
3833,Stemona_collinsae
3834,Stemona_phyllantha
3835,Stemona_saxorum
3836,Stenochlaena_palustris
3837,Stenotaphrum_helferi
3838,Stephania_dielsiana
3839,Stephania_japonica
3840,Stephania_sinica
3841,Sterculia_aberrans
3842,Sterculia_bracteata
3843,Sterculia_cochinchinensis
3844,Sterculia_gracilipes
3845,Sterculia_hymenocalyx
3846,Sterculia_hyposticta
3847,Sterculia_lissophylla
3848,Sterculia_parviflora
3849,Sterculia_principis
3850,Sterculia_rubiginosa
3851,Stereochilus_dalatensis
3852,Stereospermum_binhchauensis
3853,Stereospermum_cylindricum
3854,Stereospermum_neuranthum
3855,Steudnera_henryana
3856,Stevia_rebaudiana
3857,Stichorkis_latifolia
3858,Stixis_scandens
3859,Streblus_asper
3860,Streblus_taxoides
3861,Streblus_zeylanicus
3862,Streptocaulon_juventas
3863,Streptocaulon_wallichii
3864,Striga_angustifolia
3865,Striga_masuria
3866,Strobilanthes_auriculatus
3867,Strobilanthes_gigantodes
3868,Strobilanthes_jugorum
3869,Strobilanthes_longespicatus
3870,Strophanthus_divaricatus
3871,Strophanthus_hispidus
3872,Strophanthus_wallichii
3873,Struchium_sparganophorum
3874,Strychnos_angustiflora
3875,Strychnos_cathayensis
3876,Strychnos_daclacensis
3877,Strychnos_ignatii
3878,Strychnos_nitida
3879,Strychnos_nux-vomica
3880,Strychnos_rupicola
3881,Strychnos_umbellata
3882,Strychnos_wallichiana
3883,Stylidium_tenellum
3884,Stylosanthes_guyanensis
3885,Styrax_agrestis
3886,Styrax_argentifolius
3887,Styrax_benzoin
3888,Styrax_crotonoides
3889,Styrax_hainanensis
3890,Styrax_tonkinensis
3891,Sumbaviopsis_albicans
3892,Sunipia_annamensis
3893,Sunipia_scariosa
3894,Suregada_cicerosperma
3895,Suregada_multiflora
3896,Swertia_angustifolia
3897,Symphytum_officinale
3898,Symplocos_adenopus
3899,Symplocos_cochinchinensis
3900,Symplocos_dolichotricha
3901,Symplocos_euryoides
3902,Symplocos_glomerata
3903,Symplocos_guillauminii
3904,Symplocos_henschelii
3905,Symplocos_lancifolia
3906,Symplocos_longifolia
3907,Symplocos_lucida
3908,Symplocos_pendula
3909,Symplocos_pseudobarberina
3910,Symplocos_ramosissima
3911,Symplocos_sumuntia
3912,Symplocos_wikstroemiifolia
3913,Syringodium_isoetifolium
3914,Syzygium_balsameum
3915,Syzygium_boisianum
3916,Syzygium_bullockii
3917,Syzygium_chanlos
3918,Syzygium_cinereum
3919,Syzygium_finetii
3920,Syzygium_glomerulatum
3921,Syzygium_hancei
3922,Syzygium_jambos
3923,Syzygium_latilimbum
3924,Syzygium_malaccense
3925,Syzygium_odoratum
3926,Syzygium_pierrei
3927,Syzygium_rockii
3928,Syzygium_samarangense
3929,Syzygium_szemaoense
3930,Syzygium_tonkinensis
3931,Syzygium_vestitum
3932,Syzygium_zeylanicum
3933,Tabebuia_rosea
3934,Tabernaemontana_bufalina
3935,Tabernaemontana_corymbosa
3936,Tabernaemontana_divaricata
3937,Tabernaemontana_hainanensis
3938,Tabernaemontana_pandacaqui
3939,Tabernaemontana_peduncularis
3940,Tacca_integrifolia
3941,Tacca_palmata
3942,Tacca_subflabellata
3943,Tadehagi_rodgeri
3944,Taeniophyllum_daroussinii
3945,Taeniophyllum_glandulosum
3946,Taeniophyllum_minimum
3947,Taeniophyllum_pahangense
3948,Taeniophyllum_pusillum
3949,Tagetes_erecta
3950,Tagetes_tenuifolia
3951,Tainia_latifolia
3952,Tainia_pauciflora
3953,Tainia_ruybarrettoi
3954,Tapiscia_sinensis
3955,Taraxacum_officinale
3956,Tarrietia_javanica
3957,Taxillus_chinensis
3958,Taxillus_ferrugineus
3959,Tecoma_stans
3960,Teijsmanniodendron_coriaceum
3961,Telosma_cordata
3962,Tephrosia_coccinea
3963,Tephrosia_noctiflora
3964,Tephrosia_tinctoria
3965,Tephrosia_villosa
3966,Teramnus_labialis
3967,Terminalia_bellirica
3968,Terminalia_catappa
3969,Terminalia_citrina
3970,Terminalia_myriocarpa
3971,Terminalia_procera
3972,Ternstroemia_gymnanthera
3973,Ternstroemia_kwangtungensis
3974,Tetracera_asiatica
3975,Tetradium_fraxinifolium
3976,Tetradium_trichotomum
3977,Tetrameles_nudiflora
3978,Tetrastigma_caudatum
3979,Tetrastigma_lanceolarium
3980,Tetrastigma_obtectum
3981,Tetrastigma_pachyphylllum
3982,Tetrastigma_planicaule
3983,Tetrastigma_tonkinense
3984,Tetrastigma_yunnanense
3985,Teucrium_quadrifarium
3986,Thalassia_hemprichii
3987,Thecopus_maingayi
3988,Thecostele_alata
3989,Thelasis_micrantha
3990,Thelypteris_angustipinnata
3991,Thelypteris_papyraceus
3992,Themeda_arguens
3993,Themeda_caudata
3994,Themeda_gigantea
3995,Themeda_villosa
3996,Theobroma_cacao
3997,Thespesia_lampas
3998,Thespis_erecta
3999,Thespis_tonkinensis
4000,Thismia_annamensis
4001,Thismia_okhaensis
4002,Thismia_tentaculata
4003,Thladiantha_hookeri
4004,Thladiantha_siamensis
4005,Thrixspermum_amplexicaule
4006,Thrixspermum_annamense
4007,Thrixspermum_carnosum
4008,Thrixspermum_fleuryi
4009,Thrixspermum_fragrans
4010,Thrixspermum_leucarachne
4011,Thrixspermum_pauciflorum
4012,Thrixspermum_pusillum
4013,Thrixspermum_trichoglottis
4014,Thunbergia_alata
4015,Thunbergia_eberhardtii
4016,Thunbergia_fragrans
4017,Thunbergia_grandiflora
4018,Thunbergia_mysorensis
4019,Thunia_pulchra
4020,Thyrsanthera_suborbicularis
4021,Thyrsostachys_siamensis
4022,Thysanotus_chinensis
4023,Tiliacora_triandra
4024,Tinospora_sagittata
4025,Tithonia_diversifolia
4026,Toona_ciliata
4027,Toona_sureni
4028,Torenia_benthamiana
4029,Torenia_concolor
4030,Torenia_fournierii
4031,Torenia_hayatae
4032,Torenia_poilanei
4033,Torenia_thorelii
4034,Torilis_japonica
4035,Tournefortia_montana
4036,Toxicodendron_rhetsoides
4037,Toxocarpus_villosus
4038,Trachelospermum_asiaticum
4039,Trachelospermum_jasminoides
4040,Trachycarpus_fortunei
4041,Trachyspermum_roxburghianum
4042,Tradescentia_pallida
4043,Tragia_geraniifolia
4044,Trapa_natans
4045,Trema_cannabina
4046,Trema_politoria
4047,Trevesia_burckii
4048,Trevesia_longipedicellata
4049,Trevesia_sphaerocarpa
4050,Triadica_cochinchinensis
4051,Triadica_sebifea
4052,Trias_disciflora
4053,Tribulus_cistoides
4054,Trichoglottis_lanceolaria
4055,Trichoglottis_seidenfadenii
4056,Trichomanes_henzaianum
4057,Trichomanes_motleyi
4058,Trichomanes_parvifolium
4059,Trichosanthes_anguina
4060,Trichosanthes_cucumerina
4061,Trichosanthes_kirilowii
4062,Trichosanthes_ovigera
4063,Trichosanthes_tricuspidata
4064,Trichotosia_dalatensis
4065,Trichotosia_microphylla
4066,Trichotosia_velutina
4067,Tridax_procumbens
4068,Trifidacanthus_unifoliolatus
4069,Trifolium_pratense
4070,Trigonella_foenum-graecum
4071,Trigonospora_ciliata
4072,Trigonostemon_capitellatus
4073,Trigonostemon_eberhardtii
4074,Trigonostemon_fragilis
4075,Trigonostemon_hybridus
4076,Trigonostemon_laoticus
4077,Trigonostemon_murtonii
4078,Trigonostemon_pierrei
4079,Trigonostemon_quocensis
4080,Trigonostemon_rubescens
4081,Trigonostemon_stellaris
4082,Trigonostemon_thyrsoideus
4083,Trigonotis_macrophylla
4084,Tripogon_chinense
4085,Tripterospermum_australe
4086,Tripterospermum_nienkui
4087,Tristellateia_australasiae
4088,Triumfetta_annua
4089,Triumfetta_pilosa
4090,Triumfetta_repens
4091,Tropidia_curculigoides
4092,Tubocapsicum_anomalum
4093,Tupistra_albiflora
4094,Tupistra_densiflora
4095,Tupistra_gracilis
4096,Tupistra_patula
4097,Tupistra_wattii
4098,Turpinia_cochinchinensis
4099,Turpinia_montana
4100,Turpinia_pomifera
4101,Tylophora_glabra
4102,Tylophora_indica
4103,Tylophora_ovata
4104,Typha_elephantina
4105,Typhonium_acetosella
4106,Typhonium_blumei
4107,Typhonium_flagelliforme
4108,Typhonium_horsfieldii
4109,Typhonium_laoticum
4110,Typhonium_trilobatum
4111,Typhonium_violaefolium
4112,Ulmus_lancifolia
4113,Uncifera_dalatensis
4114,Uraria_acuminata
4115,Uraria_campanulata
4116,Uraria_cordifolia
4117,Uraria_lacei
4118,Uraria_picta
4119,Uraria_rufescens
4120,Urceola_rosea
4121,Urobotrya_longipes
4122,Urochloa_mutica
4123,Uvaria_boniana
4124,Uvaria_cordata
4125,Uvaria_grandiflora
4126,Uvaria_hirsuta
4127,Uvaria_micrantha
4128,Uvaria_rufa
4129,Vaccinium_brevipedicellatum
4130,Vaccinium_dunalianum
4131,Vaccinium_iteophyllum
4132,Vaccinium_papillatum
4133,Vaccinium_pseudospadiceum
4134,Vaccinium_retusum
4135,Vaccinium_vietnamense
4136,Valeriana_hardwickii
4137,Vallaris_solanacea
4138,Vanda_bidupensis
4139,Vanda_denisoniana
4140,Vanda_lilacina
4141,Vanda_micholitzii
4142,Vandopsis_gigantea
4143,Vanilla_annamica
4144,Vanilla_shenzhenica
4145,Vatica_cinerea
4146,Vatica_mangachopoi
4147,Vatica_pauciflora
4148,Verbena_hybrida
4149,Vernicia_fordii
4150,Vernonia_annamica
4151,Vernonia_arborea
4152,Vernonia_attenuata
4153,Vernonia_blanda
4154,Vernonia_chevalierii
4155,Vernonia_cumingiana
4156,Vernonia_eberhardtii
4157,Vernonia_esculenta
4158,Vernonia_forrestii
4159,Vernonia_parishii
4160,Vernonia_saligna
4161,Vernonia_solanifolia
4162,Vernonia_sylvatica
4163,Vernonia_villosa
4164,Veronica_javanica
4165,Vetiveria_zizanioides
4166,Viburnum_odoratissimum
4167,Vicia_faba
4168,Vicia_sativa
4169,Vietnamocalamus_catbaensis
4170,Vietnamochloa_aurea
4171,Vietnamosasa_darlacensis
4172,Vietorchis_aurea
4173,Vigna_(F.G
4174,Vigna_dalzelliana
4175,Vigna_luteola
4176,Vigna_mungo
4177,Vigna_radiata
4178,Vigna_umbellata
4179,Vigna_vexillata
4180,Viola_arcuata
4181,Viola_betonicifolia
4182,Viola_hortensis
4183,Viola_japonica
4184,Viola_pilosa
4185,Viola_sumatrana
4186,Viscum_album
4187,Viscum_liquidambaricola
4188,Viscum_multinerve
4189,Visnaga_daucoides
4190,Vitex_canescens
4191,Vitex_limonifolia
4192,Vitex_peduncularis
4193,Vitex_pierrei
4194,Vitex_quinata
4195,Vitex_stylosa
4196,Vitex_tripinnata
4197,Vitis_balansaeana
4198,Vitis_labrusca
4199,Vitis_piasezkii
4200,Vitis_vinifera
4201,Vittaria_elongata
4202,Vossia_cuspidata
4203,Wallichia_chinensis
4204,Walsura_bonii
4205,Walsura_robusta
4206,Waltheria_americana
4207,Wedelia_biflora
4208,Wedelia_prostrata
4209,Wedelia_wallichii
4210,Wikstroemia_androsaemifolia
4211,Wikstroemia_indica
4212,Wikstroemia_nutans
4213,Willughbeia_edulis
4214,Woodwardia_cochinchinensis
4215,Woodwardia_japonica
4216,Wrightia_annamensis
4217,Wrightia_coccinea
4218,Wrightia_lecomtei
4219,Wrightia_religiosa
4220,Wrightia_tinctoria
4221,Xanthium_inaequilaterum
4222,Xanthophyllum_annamense
4223,Xanthophyllum_eberhardtii
4224,Xanthophyllum_flavescens
4225,Xanthophyllum_hainanense
4226,Xanthophyllum_obscurum
4227,Xanthophyllum_vitellinum
4228,Xantolis_barauenssis
4229,Xantolis_cambodiana
4230,Xantolis_longispinosa
4231,Xantolis_tomentosa
4232,Xerospermum_noronhianum
4233,Xiphopterella_parva
4234,xoa_xóa
4235,Xylocarpus_granatum
4236,Xylopia_pierrei
4237,Xylopia_vielana
4238,Xylosma_longifolium
4239,Xyris_capensis
4240,Xyris_grandis
4241,Xyris_intersita
4242,Xyris_pauciflora
4243,Xyris_wallichii
4244,Youngia_erythrocarpa
4245,Youngia_heterophylla
4246,Youngia_tenuifolia
4247,Zantedeschia_aethiopica
4248,Zehneria_indica
4249,Zehneria_maysorensis
4250,Zenia_insignis
4251,Zephyranthes_carinata
4252,Zeuxine_abbreviata
4253,Zeuxine_nervosa
4254,Zeuxine_strateumatica
4255,Zingiber_acuminata
4256,Zingiber_cardiocheilum
4257,Zingiber_cochinchinense
4258,Zingiber_discolor
4259,Zingiber_gramineum
4260,Zingiber_lecongkietii
4261,Zingiber_microcheilum
4262,Zingiber_officinale
4263,Zingiber_plicatum
4264,Zingiber_rubens
4265,Zingiber_skornickovae
4266,Zingiber_zerumbet
4267,Zinnia_elegans
4268,Zizania_caduciflora
4269,Zornia_cantoniensis
4270,Zostera_japonica
4271,Zoysia_matrella
4272,Zoysia_tenuifolia
